Semana,Município,Incidencia
2025-09-07,ABDON BATISTA,0.0
2025-09-07,ITAPIRANGA,0.0
2025-09-07,ITAPEMA,0.0
2025-09-07,ITAJAÍ,1.0303294650185975
2025-09-07,IRINEÓPOLIS,0.0
2025-09-07,IRATI,0.0
2025-09-07,SÃO MARTINHO,0.0
2025-09-07,IRANI,0.0
2025-09-07,IRACEMINHA,0.0
2025-09-07,IPUMIRIM,0.0
2025-09-07,IPUAÇU,0.0
2025-09-07,IPORÃ DO OESTE,0.0
2025-09-07,IPIRA,0.0
2025-09-07,IOMERÊ,0.0
2025-09-07,INDAIAL,0.0
2025-09-07,IMBUIA,0.0
2025-09-07,IMBITUBA,0.0
2025-09-07,IMARUÍ,0.0
2025-09-07,TIMBÉ DO SUL,0.0
2025-09-07,ILHOTA,0.0
2025-09-07,IBIRAMA,0.0
2025-09-07,IBICARÉ,0.0
2025-09-07,HERVAL D'OESTE,0.0
2025-09-07,GUATAMBÚ,0.0
2025-09-07,GUARUJÁ DO SUL,0.0
2025-09-07,GUARAMIRIM,0.0
2025-09-07,ITAPOÁ,0.0
2025-09-07,ITUPORANGA,0.0
2025-09-07,ITÁ,0.0
2025-09-07,IÇARA,0.0
2025-09-07,SANGÃO,0.0
2025-09-07,MAREMA,0.0
2025-09-07,MARAVILHA,0.0
2025-09-07,MARACAJÁ,0.0
2025-09-07,MAJOR GERCINO,0.0
2025-09-07,MAFRA,0.0
2025-09-07,LUZERNA,0.0
2025-09-07,LUIZ ALVES,0.0
2025-09-07,LONTRAS,0.0
2025-09-07,LINDÓIA DO SUL,0.0
2025-09-07,LAURO MÜLLER,0.0
2025-09-07,SIDERÓPOLIS,0.0
2025-09-07,GUARACIABA,0.0
2025-09-07,LAURENTINO,0.0
2025-09-07,LAGUNA,0.0
2025-09-07,LAGES,0.0
2025-09-07,LACERDÓPOLIS,0.0
2025-09-07,JUPIÁ,0.0
2025-09-07,JOSÉ BOITEUX,0.0
2025-09-07,JOINVILLE,0.1618177963976122
2025-09-07,JOAÇABA,0.0
2025-09-07,JARDINÓPOLIS,0.0
2025-09-07,JARAGUÁ DO SUL,0.0
2025-09-07,SÃO JOAQUIM,0.0
2025-09-07,JAGUARUNA,0.0
2025-09-07,JABORÁ,0.0
2025-09-07,LAJEADO GRANDE,0.0
2025-09-07,GUABIRUBA,0.0
2025-09-07,GRAVATAL,0.0
2025-09-07,GOVERNADOR CELSO RAMOS,0.0
2025-09-07,CELSO RAMOS,0.0
2025-09-07,CAÇADOR,0.0
2025-09-07,CAXAMBU DO SUL,0.0
2025-09-07,CATANDUVAS,0.0
2025-09-07,CAPÃO ALTO,0.0
2025-09-07,CAPIVARI DE BAIXO,0.0
2025-09-07,VITOR MEIRELES,0.0
2025-09-07,CAPINZAL,0.0
2025-09-07,CANOINHAS,0.0
2025-09-07,CANELINHA,0.0
2025-09-07,CAMPOS NOVOS,0.0
2025-09-07,CAMPO ERÊ,0.0
2025-09-07,CHAPECÓ,1.9908421262193907
2025-09-07,CAMPO ALEGRE,0.0
2025-09-07,CAIBI,0.0
2025-09-07,BRUSQUE,0.0
2025-09-07,BRAÇO DO NORTE,0.0
2025-09-07,BOTUVERÁ,0.0
2025-09-07,MACIEIRA,0.0
2025-09-07,BOMBINHAS,8.191349934469201
2025-09-07,BOM JESUS DO OESTE,0.0
2025-09-07,BOM JESUS,0.0
2025-09-07,BOM JARDIM DA SERRA,0.0
2025-09-07,BLUMENAU,0.2752243078108659
2025-09-07,BIGUAÇU,0.0
2025-09-07,BENEDITO NOVO,0.0
2025-09-07,CAMBORIÚ,1.7830556224201413
2025-09-07,MASSARANDUBA,0.0
2025-09-07,COCAL DO SUL,0.0
2025-09-07,CORDILHEIRA ALTA,0.0
2025-09-07,TREVISO,0.0
2025-09-07,GASPAR,0.0
2025-09-07,GARUVA,0.0
2025-09-07,GAROPABA,0.0
2025-09-07,GALVÃO,0.0
2025-09-07,FRAIBURGO,0.0
2025-09-07,FORQUILHINHA,0.0
2025-09-07,FORMOSA DO SUL,0.0
2025-09-07,FLORIANÓPOLIS,5.2246603970741905
2025-09-07,FLOR DO SERTÃO,0.0
2025-09-07,FAXINAL DOS GUEDES,0.0
2025-09-07,ERVAL VELHO,0.0
2025-09-07,CONCÓRDIA,0.0
2025-09-07,TURVO,0.0
2025-09-07,DOUTOR PEDRINHO,0.0
2025-09-07,DIONÍSIO CERQUEIRA,0.0
2025-09-07,DESCANSO,0.0
2025-09-07,CURITIBANOS,0.0
2025-09-07,CUNHATAÍ,0.0
2025-09-07,CUNHA PORÃ,0.0
2025-09-07,CRICIÚMA,0.0
2025-09-07,CORUPÁ,0.0
2025-09-07,CORREIA PINTO,0.0
2025-09-07,CORONEL MARTINS,0.0
2025-09-07,VARGEM,0.0
2025-09-07,CORONEL FREITAS,0.0
2025-09-07,ENTRE RIOS,0.0
2025-09-07,BELMONTE,0.0
2025-09-07,MODELO,0.0
2025-09-07,MORRO DA FUMAÇA,0.0
2025-09-07,TROMBUDO CENTRAL,0.0
2025-09-07,TREZE TÍLIAS,0.0
2025-09-07,TIMBÓ,0.0
2025-09-07,TIJUCAS,2.021263694061527
2025-09-07,MORRO GRANDE,0.0
2025-09-07,TIGRINHOS,0.0
2025-09-07,TANGARÁ,0.0
2025-09-07,TAIÓ,0.0
2025-09-07,SÃO PEDRO DE ALCÂNTARA,0.0
2025-09-07,SÃO MIGUEL DO OESTE,0.0
2025-09-07,SÃO MIGUEL DA BOA VISTA,0.0
2025-09-07,SÃO LUDGERO,0.0
2025-09-07,SÃO LOURENÇO DO OESTE,0.0
2025-09-07,SÃO JOÃO DO OESTE,0.0
2025-09-07,SÃO JOÃO DO ITAPERIÚ,0.0
2025-09-07,SÃO JOÃO BATISTA,0.0
2025-09-07,OTACÍLIO COSTA,0.0
2025-09-07,SÃO JOSÉ DO CEDRO,0.0
2025-09-07,SÃO JOSÉ,2.7834897306625748
2025-09-07,SÃO FRANCISCO DO SUL,0.0
2025-09-07,SÃO DOMINGOS,0.0
2025-09-07,SÃO CARLOS,0.0
2025-09-07,SÃO BONIFÁCIO,0.0
2025-09-07,SÃO BERNARDINO,0.0
2025-09-07,SÃO BENTO DO SUL,0.0
2025-09-07,TUBARÃO,0.0
2025-09-07,TUNÁPOLIS,0.0
2025-09-07,UNIÃO DO OESTE,0.0
2025-09-07,URUBICI,0.0
2025-09-07,JACINTO MACHADO,0.0
2025-09-07,GRÃO-PARÁ,0.0
2025-09-07,ERMO,0.0
2025-09-07,DONA EMMA,0.0
2025-09-07,CHAPADÃO DO LAGEADO,0.0
2025-09-07,BRAÇO DO TROMBUDO,0.0
2025-09-07,BOM RETIRO,0.0
2025-09-07,BALNEÁRIO ARROIO DO SILVA,0.0
2025-09-07,ARMAZÉM,0.0
2025-09-07,AGRONÔMICA,0.0
2025-09-07,MIRIM DOCE,0.0
2025-09-07,AGROLÂNDIA,0.0
2025-09-07,SUL BRASIL,0.0
2025-09-07,ÁGUAS MORNAS,0.0
2025-09-07,ÁGUAS DE CHAPECÓ,0.0
2025-09-07,ÁGUA DOCE,0.0
2025-09-07,ZORTÉA,0.0
2025-09-07,XAXIM,0.0
2025-09-07,XAVANTINA,0.0
2025-09-07,XANXERÊ,0.0
2025-09-07,VIDEIRA,0.0
2025-09-07,VIDAL RAMOS,0.0
2025-09-07,MONTE CARLO,0.0
2025-09-07,VARGEÃO,0.0
2025-09-07,VARGEM BONITA,0.0
2025-09-07,URUSSANGA,0.0
2025-09-07,ÁGUAS FRIAS,0.0
2025-09-07,SOMBRIO,0.0
2025-09-07,SERRA ALTA,0.0
2025-09-07,PETROLÂNDIA,0.0
2025-09-07,POMERODE,0.0
2025-09-07,PLANALTO ALEGRE,0.0
2025-09-07,PIRATUBA,0.0
2025-09-07,PINHALZINHO,0.0
2025-09-07,PERITIBA,0.0
2025-09-07,RIO DAS ANTAS,0.0
2025-09-07,PENHA,5.9880239520958085
2025-09-07,PAULO LOPES,0.0
2025-09-07,PASSOS MAIA,0.0
2025-09-07,PASSO DE TORRES,0.0
2025-09-07,PARAÍSO,0.0
2025-09-07,PAPANDUVA,0.0
2025-09-07,PONTE ALTA,0.0
2025-09-07,PALMITOS,0.0
2025-09-07,PALHOÇA,0.0
2025-09-07,PAIAL,0.0
2025-09-07,OURO VERDE,0.0
2025-09-07,RIO DO CAMPO,0.0
2025-09-07,OURO,0.0
2025-09-07,ORLEANS,0.0
2025-09-07,NOVO HORIZONTE,0.0
2025-09-07,NOVA VENEZA,0.0
2025-09-07,NOVA TRENTO,0.0
2025-09-07,NOVA ITABERABA,0.0
2025-09-07,NOVA ERECHIM,0.0
2025-09-07,NAVEGANTES,0.0
2025-09-07,PALMA SOLA,0.0
2025-09-07,MONDAÍ,0.0
2025-09-07,PONTE SERRADA,0.0
2025-09-07,PORTO UNIÃO,0.0
2025-09-07,SEARA,0.0
2025-09-07,SCHROEDER,0.0
2025-09-07,SAUDADES,0.0
2025-09-07,SANTO AMARO DA IMPERATRIZ,0.0
2025-09-07,SANTIAGO DO SUL,0.0
2025-09-07,SANTA TEREZINHA DO PROGRESSO,0.0
2025-09-07,SANTA TEREZINHA,0.0
2025-09-07,SANTA HELENA,0.0
2025-09-07,SALTO VELOSO,0.0
2025-09-07,SALTINHO,0.0
2025-09-07,SALETE,0.0
2025-09-07,PINHEIRO PRETO,0.0
2025-09-07,PORTO BELO,0.0
2025-09-07,ROMELÂNDIA,0.0
2025-09-07,RIQUEZA,0.0
2025-09-07,RIO NEGRINHO,0.0
2025-09-07,RIO DOS CEDROS,0.0
2025-09-07,RIO DO SUL,0.0
2025-09-07,RIO DO OESTE,0.0
2025-09-07,RANCHO QUEIMADO,0.0
2025-09-07,QUILOMBO,0.0
2025-09-07,PRINCESA,0.0
2025-09-07,PRESIDENTE NEREU,0.0
2025-09-07,PRESIDENTE CASTELLO BRANCO,0.0
2025-09-07,PRESIDENTE GETÚLIO,0.0
2025-09-07,POUSO REDONDO,0.0
2025-09-07,RODEIO,0.0
2025-09-07,BARRA VELHA,0.0
2025-09-07,LEOBERTO LEAL,0.0
2025-09-07,MAJOR VIEIRA,0.0
2025-09-07,ARVOREDO,0.0
2025-09-07,BALNEÁRIO PIÇARRAS,3.5489938602406217
2025-09-07,ARABUTÃ,0.0
2025-09-07,ALTO BELA VISTA,0.0
2025-09-07,BALNEÁRIO CAMBORIÚ,0.0
2025-09-07,BALNEÁRIO BARRA DO SUL,0.0
2025-09-07,ANITA GARIBALDI,0.0
2025-09-07,BALNEÁRIO GAIVOTA,0.0
2025-09-07,ARAQUARI,2.1996392591614975
2025-09-07,ARROIO TRINTA,0.0
2025-09-07,BANDEIRANTE,0.0
2025-09-07,ALFREDO WAGNER,0.0
2025-09-07,BARRA BONITA,0.0
2025-09-07,SANTA CECÍLIA,0.0
2025-09-07,ANITÁPOLIS,0.0
2025-09-07,ANTÔNIO CARLOS,0.0
2025-09-07,AURORA,0.0
2025-09-07,ARARANGUÁ,1.386231944328925
2025-09-07,ANCHIETA,0.0
2025-09-07,APIÚNA,0.0
2025-09-07,ASCURRA,0.0
2025-09-07,BALNEÁRIO RINCÃO,0.0
2025-09-07,ABELARDO LUZ,0.0
2025-09-21,ITAPOÁ,0.0
2025-09-21,BALNEÁRIO BARRA DO SUL,0.0
2025-09-21,ILHOTA,0.0
2025-09-21,ITUPORANGA,3.7461601858095452
2025-09-21,TIMBÉ DO SUL,0.0
2025-09-21,IBIRAMA,4.667444574095683
2025-09-21,TUNÁPOLIS,0.0
2025-09-21,IRATI,0.0
2025-09-21,HERVAL D'OESTE,0.0
2025-09-21,GUATAMBÚ,0.0
2025-09-21,ITÁ,0.0
2025-09-21,UNIÃO DO OESTE,0.0
2025-09-21,GUARUJÁ DO SUL,0.0
2025-09-21,GUARAMIRIM,0.0
2025-09-21,URUBICI,0.0
2025-09-21,GUARACIABA,8.965393580778196
2025-09-21,SÃO PEDRO DE ALCÂNTARA,0.0
2025-09-21,GUABIRUBA,0.0
2025-09-21,TAIÓ,0.0
2025-09-21,IBICARÉ,0.0
2025-09-21,IMARUÍ,0.0
2025-09-21,ITAPIRANGA,0.0
2025-09-21,AURORA,0.0
2025-09-21,TIGRINHOS,0.0
2025-09-21,IRANI,0.0
2025-09-21,IRINEÓPOLIS,0.0
2025-09-21,SÃO MARTINHO,0.0
2025-09-21,ALTO BELA VISTA,0.0
2025-09-21,MORRO GRANDE,0.0
2025-09-21,IRACEMINHA,0.0
2025-09-21,TIJUCAS,4.042527388123054
2025-09-21,ITAJAÍ,2.747545240049593
2025-09-21,TUBARÃO,0.0
2025-09-21,IPUMIRIM,0.0
2025-09-21,TANGARÁ,0.0
2025-09-21,TIMBÓ,0.0
2025-09-21,ITAPEMA,1.3115270108987895
2025-09-21,IPIRA,0.0
2025-09-21,IOMERÊ,0.0
2025-09-21,TREZE TÍLIAS,0.0
2025-09-21,INDAIAL,0.0
2025-09-21,TROMBUDO CENTRAL,0.0
2025-09-21,IMBUIA,0.0
2025-09-21,IMBITUBA,0.0
2025-09-21,IPUAÇU,0.0
2025-09-21,IPORÃ DO OESTE,0.0
2025-09-21,GOVERNADOR CELSO RAMOS,5.778342771293193
2025-09-21,GRAVATAL,0.0
2025-09-21,ZORTÉA,0.0
2025-09-21,CUNHATAÍ,0.0
2025-09-21,CUNHA PORÃ,0.0
2025-09-21,CRICIÚMA,0.0
2025-09-21,BALNEÁRIO PIÇARRAS,3.5489938602406217
2025-09-21,ÁGUA DOCE,0.0
2025-09-21,CORUPÁ,0.0
2025-09-21,CORREIA PINTO,0.0
2025-09-21,ÁGUAS DE CHAPECÓ,0.0
2025-09-21,CORONEL MARTINS,0.0
2025-09-21,CORONEL FREITAS,0.0
2025-09-21,VARGEM,0.0
2025-09-21,CORDILHEIRA ALTA,0.0
2025-09-21,ÁGUAS FRIAS,0.0
2025-09-21,CONCÓRDIA,0.0
2025-09-21,COCAL DO SUL,0.0
2025-09-21,ÁGUAS MORNAS,0.0
2025-09-21,CHAPECÓ,3.9816842524387814
2025-09-21,SANTA CECÍLIA,0.0
2025-09-21,CELSO RAMOS,0.0
2025-09-21,MIRIM DOCE,0.0
2025-09-21,CAÇADOR,4.048309830645706
2025-09-21,BALNEÁRIO RINCÃO,0.0
2025-09-21,ABELARDO LUZ,0.0
2025-09-21,AGROLÂNDIA,0.0
2025-09-21,CURITIBANOS,0.0
2025-09-21,DESCANSO,0.0
2025-09-21,XAXIM,0.0
2025-09-21,DIONÍSIO CERQUEIRA,6.671559143371805
2025-09-21,BALNEÁRIO CAMBORIÚ,0.0
2025-09-21,IÇARA,0.0
2025-09-21,VARGEM BONITA,0.0
2025-09-21,GASPAR,0.0
2025-09-21,TREVISO,0.0
2025-09-21,GARUVA,0.0
2025-09-21,GAROPABA,0.0
2025-09-21,MONTE CARLO,0.0
2025-09-21,VARGEÃO,0.0
2025-09-21,GALVÃO,0.0
2025-09-21,FRAIBURGO,0.0
2025-09-21,ALFREDO WAGNER,0.0
2025-09-21,URUSSANGA,0.0
2025-09-21,FORQUILHINHA,0.0
2025-09-21,FORMOSA DO SUL,0.0
2025-09-21,FLORIANÓPOLIS,16.196447230929987
2025-09-21,VIDEIRA,0.0
2025-09-21,FLOR DO SERTÃO,0.0
2025-09-21,BALNEÁRIO GAIVOTA,13.026770012375431
2025-09-21,XANXERÊ,0.0
2025-09-21,FAXINAL DOS GUEDES,0.0
2025-09-21,ERVAL VELHO,0.0
2025-09-21,XAVANTINA,0.0
2025-09-21,ENTRE RIOS,0.0
2025-09-21,TURVO,0.0
2025-09-21,DOUTOR PEDRINHO,0.0
2025-09-21,VIDAL RAMOS,0.0
2025-09-21,JABORÁ,0.0
2025-09-21,JARDINÓPOLIS,0.0
2025-09-21,ASCURRA,0.0
2025-09-21,PLANALTO ALEGRE,0.0
2025-09-21,PIRATUBA,0.0
2025-09-21,SANTO AMARO DA IMPERATRIZ,0.0
2025-09-21,PINHALZINHO,0.0
2025-09-21,PERITIBA,0.0
2025-09-21,SAUDADES,0.0
2025-09-21,PENHA,2.9940119760479043
2025-09-21,RIO DAS ANTAS,0.0
2025-09-21,PAULO LOPES,0.0
2025-09-21,SCHROEDER,0.0
2025-09-21,PASSOS MAIA,0.0
2025-09-21,PASSO DE TORRES,0.0
2025-09-21,PETROLÂNDIA,0.0
2025-09-21,PARAÍSO,0.0
2025-09-21,ARAQUARI,2.1996392591614975
2025-09-21,SEARA,0.0
2025-09-21,PAPANDUVA,0.0
2025-09-21,PALMITOS,0.0
2025-09-21,PALMA SOLA,0.0
2025-09-21,SERRA ALTA,0.0
2025-09-21,PALHOÇA,1.267759193367084
2025-09-21,PAIAL,0.0
2025-09-21,SOMBRIO,0.0
2025-09-21,OURO VERDE,0.0
2025-09-21,ANITÁPOLIS,0.0
2025-09-21,SANTIAGO DO SUL,0.0
2025-09-21,POMERODE,0.0
2025-09-21,ARABUTÃ,0.0
2025-09-21,PONTE ALTA,0.0
2025-09-21,ROMELÂNDIA,0.0
2025-09-21,RODEIO,0.0
2025-09-21,RIQUEZA,0.0
2025-09-21,RIO NEGRINHO,0.0
2025-09-21,SALETE,0.0
2025-09-21,RIO DOS CEDROS,0.0
2025-09-21,RIO DO SUL,0.0
2025-09-21,SALTINHO,0.0
2025-09-21,RIO DO OESTE,0.0
2025-09-21,APIÚNA,0.0
2025-09-21,RANCHO QUEIMADO,0.0
2025-09-21,SALTO VELOSO,0.0
2025-09-21,SUL BRASIL,0.0
2025-09-21,QUILOMBO,0.0
2025-09-21,ANTÔNIO CARLOS,0.0
2025-09-21,SANTA HELENA,0.0
2025-09-21,PRESIDENTE NEREU,0.0
2025-09-21,PRESIDENTE GETÚLIO,0.0
2025-09-21,PRESIDENTE CASTELLO BRANCO,0.0
2025-09-21,POUSO REDONDO,0.0
2025-09-21,SANTA TEREZINHA,0.0
2025-09-21,PORTO UNIÃO,0.0
2025-09-21,PORTO BELO,0.0
2025-09-21,ANITA GARIBALDI,0.0
2025-09-21,SANTA TEREZINHA DO PROGRESSO,0.0
2025-09-21,PONTE SERRADA,0.0
2025-09-21,PRINCESA,0.0
2025-09-21,SÃO JOAQUIM,0.0
2025-09-21,OURO,0.0
2025-09-21,ORLEANS,0.0
2025-09-21,LINDÓIA DO SUL,0.0
2025-09-21,SÃO JOÃO BATISTA,0.0
2025-09-21,LEOBERTO LEAL,0.0
2025-09-21,MAJOR VIEIRA,0.0
2025-09-21,LAURO MÜLLER,0.0
2025-09-21,ANCHIETA,0.0
2025-09-21,SÃO JOÃO DO ITAPERIÚ,0.0
2025-09-21,LAURENTINO,0.0
2025-09-21,SIDERÓPOLIS,0.0
2025-09-21,LAJEADO GRANDE,0.0
2025-09-21,ARVOREDO,0.0
2025-09-21,LAGUNA,0.0
2025-09-21,SÃO JOÃO DO OESTE,0.0
2025-09-21,LAGES,0.0
2025-09-21,LACERDÓPOLIS,0.0
2025-09-21,SÃO LOURENÇO DO OESTE,0.0
2025-09-21,JUPIÁ,0.0
2025-09-21,JOSÉ BOITEUX,0.0
2025-09-21,JOINVILLE,0.4854533891928367
2025-09-21,SÃO LUDGERO,0.0
2025-09-21,JOAÇABA,0.0
2025-09-21,SÃO MIGUEL DA BOA VISTA,0.0
2025-09-21,JARAGUÁ DO SUL,0.0
2025-09-21,SÃO MIGUEL DO OESTE,0.0
2025-09-21,JAGUARUNA,0.0
2025-09-21,SÃO JOSÉ DO CEDRO,0.0
2025-09-21,LONTRAS,0.0
2025-09-21,OTACÍLIO COSTA,0.0
2025-09-21,LUIZ ALVES,0.0
2025-09-21,SÃO BENTO DO SUL,0.0
2025-09-21,NOVO HORIZONTE,0.0
2025-09-21,NOVA VENEZA,0.0
2025-09-21,ARARANGUÁ,0.0
2025-09-21,NOVA TRENTO,0.0
2025-09-21,SÃO BERNARDINO,0.0
2025-09-21,NOVA ITABERABA,0.0
2025-09-21,NOVA ERECHIM,0.0
2025-09-21,NAVEGANTES,0.0
2025-09-21,SÃO BONIFÁCIO,0.0
2025-09-21,MORRO DA FUMAÇA,0.0
2025-09-21,MONDAÍ,0.0
2025-09-21,RIO DO CAMPO,0.0
2025-09-21,SÃO CARLOS,0.0
2025-09-21,MASSARANDUBA,0.0
2025-09-21,SÃO DOMINGOS,0.0
2025-09-21,MAREMA,0.0
2025-09-21,SANGÃO,0.0
2025-09-21,MARAVILHA,0.0
2025-09-21,ARROIO TRINTA,0.0
2025-09-21,SÃO FRANCISCO DO SUL,0.0
2025-09-21,MARACAJÁ,0.0
2025-09-21,MAJOR GERCINO,0.0
2025-09-21,MAFRA,0.0
2025-09-21,SÃO JOSÉ,3.8272983796610407
2025-09-21,LUZERNA,0.0
2025-09-21,MODELO,0.0
2025-09-21,CAXAMBU DO SUL,0.0
2025-09-21,PINHEIRO PRETO,0.0
2025-09-21,BALNEÁRIO ARROIO DO SILVA,0.0
2025-09-21,CAMPOS NOVOS,0.0
2025-09-21,CHAPADÃO DO LAGEADO,0.0
2025-09-21,CATANDUVAS,0.0
2025-09-21,BOM RETIRO,0.0
2025-09-21,BENEDITO NOVO,0.0
2025-09-21,BRUSQUE,0.0
2025-09-21,CAPINZAL,0.0
2025-09-21,BOM JESUS DO OESTE,0.0
2025-09-21,CAPÃO ALTO,0.0
2025-09-21,CAMPO ERÊ,0.0
2025-09-21,ABDON BATISTA,0.0
2025-09-21,BIGUAÇU,5.087569795098127
2025-09-21,VITOR MEIRELES,0.0
2025-09-21,CAIBI,0.0
2025-09-21,GRÃO-PARÁ,0.0
2025-09-21,CAMPO ALEGRE,0.0
2025-09-21,BANDEIRANTE,0.0
2025-09-21,BARRA BONITA,0.0
2025-09-21,BOM JESUS,0.0
2025-09-21,BLUMENAU,0.2752243078108659
2025-09-21,BRAÇO DO TROMBUDO,0.0
2025-09-21,BOM JARDIM DA SERRA,0.0
2025-09-21,ERMO,0.0
2025-09-21,MACIEIRA,0.0
2025-09-21,CAMBORIÚ,2.674583433630212
2025-09-21,BRAÇO DO NORTE,0.0
2025-09-21,BARRA VELHA,0.0
2025-09-21,CANOINHAS,0.0
2025-09-21,CANELINHA,0.0
2025-09-21,DONA EMMA,0.0
2025-09-21,CAPIVARI DE BAIXO,0.0
2025-09-21,AGRONÔMICA,0.0
2025-09-21,BOTUVERÁ,0.0
2025-09-21,JACINTO MACHADO,0.0
2025-09-21,BOMBINHAS,28.669724770642205
2025-09-21,BELMONTE,0.0
2025-09-21,ARMAZÉM,0.0
2025-09-28,SÃO JOÃO DO OESTE,0.0
2025-09-28,CAIBI,0.0
2025-09-28,LAGES,0.0
2025-09-28,ITAPEMA,1.3115270108987895
2025-09-28,LACERDÓPOLIS,0.0
2025-09-28,MORRO GRANDE,0.0
2025-09-28,ITAJAÍ,2.747545240049593
2025-09-28,TANGARÁ,0.0
2025-09-28,IRINEÓPOLIS,0.0
2025-09-28,IRATI,0.0
2025-09-28,BRAÇO DO TROMBUDO,0.0
2025-09-28,IRANI,0.0
2025-09-28,BANDEIRANTE,0.0
2025-09-28,AURORA,0.0
2025-09-28,LAGUNA,0.0
2025-09-28,ARVOREDO,0.0
2025-09-28,ITAPIRANGA,0.0
2025-09-28,JOAÇABA,0.0
2025-09-28,ITAPOÁ,0.0
2025-09-28,SÃO MIGUEL DA BOA VISTA,0.0
2025-09-28,JARDINÓPOLIS,0.0
2025-09-28,SÃO LUDGERO,0.0
2025-09-28,JOINVILLE,0.3236355927952244
2025-09-28,JARAGUÁ DO SUL,1.034639738443074
2025-09-28,SÃO MIGUEL DO OESTE,0.0
2025-09-28,JOSÉ BOITEUX,0.0
2025-09-28,BRUSQUE,0.7058358508145346
2025-09-28,SÃO LOURENÇO DO OESTE,0.0
2025-09-28,JABORÁ,0.0
2025-09-28,ASCURRA,0.0
2025-09-28,JUPIÁ,0.0
2025-09-28,SÃO JOAQUIM,0.0
2025-09-28,IÇARA,0.0
2025-09-28,SÃO PEDRO DE ALCÂNTARA,0.0
2025-09-28,ITÁ,14.158289678606824
2025-09-28,ITUPORANGA,0.0
2025-09-28,BRAÇO DO NORTE,0.0
2025-09-28,CHAPADÃO DO LAGEADO,0.0
2025-09-28,TAIÓ,0.0
2025-09-28,JAGUARUNA,0.0
2025-09-28,IPORÃ DO OESTE,0.0
2025-09-28,CAMBORIÚ,3.5661112448402825
2025-09-28,URUBICI,0.0
2025-09-28,GUARACIABA,8.965393580778196
2025-09-28,GUABIRUBA,0.0
2025-09-28,CAMPOS NOVOS,0.0
2025-09-28,URUSSANGA,0.0
2025-09-28,GRAVATAL,0.0
2025-09-28,GOVERNADOR CELSO RAMOS,11.556685542586386
2025-09-28,BALNEÁRIO CAMBORIÚ,0.0
2025-09-28,MONTE CARLO,0.0
2025-09-28,GASPAR,0.0
2025-09-28,VARGEM BONITA,0.0
2025-09-28,GARUVA,0.0
2025-09-28,TREVISO,0.0
2025-09-28,GAROPABA,0.0
2025-09-28,CANELINHA,0.0
2025-09-28,ALFREDO WAGNER,0.0
2025-09-28,GALVÃO,0.0
2025-09-28,VARGEÃO,0.0
2025-09-28,FRAIBURGO,0.0
2025-09-28,FORQUILHINHA,0.0
2025-09-28,BALNEÁRIO ARROIO DO SILVA,0.0
2025-09-28,VIDAL RAMOS,0.0
2025-09-28,FORMOSA DO SUL,0.0
2025-09-28,VITOR MEIRELES,0.0
2025-09-28,FLORIANÓPOLIS,11.668408220132358
2025-09-28,GUARAMIRIM,0.0
2025-09-28,BOM RETIRO,0.0
2025-09-28,GUARUJÁ DO SUL,0.0
2025-09-28,UNIÃO DO OESTE,0.0
2025-09-28,IRACEMINHA,0.0
2025-09-28,SÃO MARTINHO,0.0
2025-09-28,TIJUCAS,2.021263694061527
2025-09-28,IPUMIRIM,0.0
2025-09-28,IPUAÇU,0.0
2025-09-28,SIDERÓPOLIS,0.0
2025-09-28,TIMBÓ,0.0
2025-09-28,IPIRA,0.0
2025-09-28,IOMERÊ,0.0
2025-09-28,TREZE TÍLIAS,0.0
2025-09-28,INDAIAL,0.0
2025-09-28,CAMPO ALEGRE,0.0
2025-09-28,ALTO BELA VISTA,0.0
2025-09-28,TROMBUDO CENTRAL,0.0
2025-09-28,IMBITUBA,0.0
2025-09-28,TUBARÃO,0.0
2025-09-28,IMARUÍ,0.0
2025-09-28,BALNEÁRIO BARRA DO SUL,0.0
2025-09-28,ILHOTA,0.0
2025-09-28,IBIRAMA,0.0
2025-09-28,CAMPO ERÊ,0.0
2025-09-28,TIMBÉ DO SUL,0.0
2025-09-28,TUNÁPOLIS,0.0
2025-09-28,IBICARÉ,0.0
2025-09-28,HERVAL D'OESTE,0.0
2025-09-28,GUATAMBÚ,0.0
2025-09-28,IMBUIA,0.0
2025-09-28,LAJEADO GRANDE,0.0
2025-09-28,CATANDUVAS,0.0
2025-09-28,SÃO JOÃO DO ITAPERIÚ,0.0
2025-09-28,SANTA TEREZINHA DO PROGRESSO,0.0
2025-09-28,PONTE SERRADA,0.0
2025-09-28,BENEDITO NOVO,0.0
2025-09-28,PONTE ALTA,0.0
2025-09-28,POMERODE,0.0
2025-09-28,ARABUTÃ,0.0
2025-09-28,SANTIAGO DO SUL,0.0
2025-09-28,PLANALTO ALEGRE,0.0
2025-09-28,PIRATUBA,0.0
2025-09-28,SANTO AMARO DA IMPERATRIZ,0.0
2025-09-28,PINHALZINHO,0.0
2025-09-28,BARRA BONITA,0.0
2025-09-28,PERITIBA,0.0
2025-09-28,BIGUAÇU,3.8156773463235947
2025-09-28,SAUDADES,0.0
2025-09-28,PENHA,2.9940119760479043
2025-09-28,PAULO LOPES,0.0
2025-09-28,PETROLÂNDIA,0.0
2025-09-28,RIO DAS ANTAS,0.0
2025-09-28,SCHROEDER,0.0
2025-09-28,PASSOS MAIA,0.0
2025-09-28,GRÃO-PARÁ,0.0
2025-09-28,PASSO DE TORRES,0.0
2025-09-28,ABDON BATISTA,0.0
2025-09-28,PARAÍSO,0.0
2025-09-28,PORTO BELO,7.213445863088797
2025-09-28,BLUMENAU,0.0
2025-09-28,PORTO UNIÃO,0.0
2025-09-28,PRESIDENTE CASTELLO BRANCO,0.0
2025-09-28,RODEIO,0.0
2025-09-28,ROMELÂNDIA,0.0
2025-09-28,PINHEIRO PRETO,0.0
2025-09-28,RIQUEZA,0.0
2025-09-28,RIO NEGRINHO,0.0
2025-09-28,SALETE,0.0
2025-09-28,RIO DOS CEDROS,0.0
2025-09-28,BARRA VELHA,0.0
2025-09-28,ANITA GARIBALDI,0.0
2025-09-28,RIO DO SUL,0.0
2025-09-28,SALTINHO,0.0
2025-09-28,RIO DO OESTE,0.0
2025-09-28,RANCHO QUEIMADO,0.0
2025-09-28,APIÚNA,8.385041086701326
2025-09-28,ANTÔNIO CARLOS,0.0
2025-09-28,JACINTO MACHADO,0.0
2025-09-28,SALTO VELOSO,0.0
2025-09-28,QUILOMBO,0.0
2025-09-28,PRINCESA,0.0
2025-09-28,BELMONTE,0.0
2025-09-28,SANTA HELENA,0.0
2025-09-28,PRESIDENTE NEREU,0.0
2025-09-28,PRESIDENTE GETÚLIO,0.0
2025-09-28,POUSO REDONDO,0.0
2025-09-28,MAJOR VIEIRA,0.0
2025-09-28,SANTA TEREZINHA,0.0
2025-09-28,LAURENTINO,0.0
2025-09-28,SEARA,0.0
2025-09-28,ARAQUARI,6.598917777484493
2025-09-28,MODELO,0.0
2025-09-28,MASSARANDUBA,0.0
2025-09-28,BOM JESUS DO OESTE,0.0
2025-09-28,SÃO DOMINGOS,0.0
2025-09-28,MAREMA,0.0
2025-09-28,MARAVILHA,0.0
2025-09-28,SANGÃO,0.0
2025-09-28,SÃO FRANCISCO DO SUL,0.0
2025-09-28,MARACAJÁ,0.0
2025-09-28,ARROIO TRINTA,0.0
2025-09-28,MAJOR GERCINO,0.0
2025-09-28,OTACÍLIO COSTA,0.0
2025-09-28,MAFRA,0.0
2025-09-28,SÃO JOSÉ,3.8272983796610407
2025-09-28,LUZERNA,0.0
2025-09-28,BOMBINHAS,4.095674967234601
2025-09-28,LUIZ ALVES,0.0
2025-09-28,LONTRAS,0.0
2025-09-28,SÃO JOSÉ DO CEDRO,0.0
2025-09-28,LINDÓIA DO SUL,0.0
2025-09-28,ANCHIETA,0.0
2025-09-28,LEOBERTO LEAL,0.0
2025-09-28,SÃO JOÃO BATISTA,0.0
2025-09-28,LAURO MÜLLER,0.0
2025-09-28,BOTUVERÁ,0.0
2025-09-28,SÃO CARLOS,0.0
2025-09-28,PAPANDUVA,0.0
2025-09-28,MACIEIRA,0.0
2025-09-28,MORRO DA FUMAÇA,0.0
2025-09-28,PALMITOS,0.0
2025-09-28,PALMA SOLA,0.0
2025-09-28,SERRA ALTA,0.0
2025-09-28,PALHOÇA,1.267759193367084
2025-09-28,ANITÁPOLIS,0.0
2025-09-28,PAIAL,0.0
2025-09-28,SOMBRIO,0.0
2025-09-28,OURO VERDE,0.0
2025-09-28,BOM JARDIM DA SERRA,0.0
2025-09-28,OURO,0.0
2025-09-28,SUL BRASIL,0.0
2025-09-28,ORLEANS,0.0
2025-09-28,RIO DO CAMPO,0.0
2025-09-28,NOVO HORIZONTE,0.0
2025-09-28,SÃO BENTO DO SUL,0.0
2025-09-28,NOVA VENEZA,0.0
2025-09-28,ERMO,0.0
2025-09-28,NOVA TRENTO,0.0
2025-09-28,BOM JESUS,0.0
2025-09-28,ARARANGUÁ,0.0
2025-09-28,NOVA ITABERABA,0.0
2025-09-28,SÃO BERNARDINO,0.0
2025-09-28,NOVA ERECHIM,0.0
2025-09-28,NAVEGANTES,0.0
2025-09-28,SÃO BONIFÁCIO,0.0
2025-09-28,MONDAÍ,0.0
2025-09-28,DONA EMMA,0.0
2025-09-28,TIGRINHOS,0.0
2025-09-28,DOUTOR PEDRINHO,0.0
2025-09-28,FLOR DO SERTÃO,0.0
2025-09-28,CURITIBANOS,0.0
2025-09-28,CAPÃO ALTO,0.0
2025-09-28,ENTRE RIOS,0.0
2025-09-28,CHAPECÓ,3.185347401951025
2025-09-28,CUNHATAÍ,0.0
2025-09-28,ÁGUAS MORNAS,0.0
2025-09-28,ABELARDO LUZ,0.0
2025-09-28,SANTA CECÍLIA,0.0
2025-09-28,COCAL DO SUL,0.0
2025-09-28,ZORTÉA,0.0
2025-09-28,CONCÓRDIA,2.4502297090352223
2025-09-28,CUNHA PORÃ,0.0
2025-09-28,FAXINAL DOS GUEDES,0.0
2025-09-28,ARMAZÉM,0.0
2025-09-28,ÁGUAS FRIAS,0.0
2025-09-28,VARGEM,0.0
2025-09-28,ÁGUAS DE CHAPECÓ,0.0
2025-09-28,CAPIVARI DE BAIXO,0.0
2025-09-28,ERVAL VELHO,0.0
2025-09-28,CORREIA PINTO,0.0
2025-09-28,CORONEL MARTINS,0.0
2025-09-28,BALNEÁRIO PIÇARRAS,0.0
2025-09-28,CELSO RAMOS,0.0
2025-09-28,CORUPÁ,0.0
2025-09-28,XANXERÊ,0.0
2025-09-28,ÁGUA DOCE,0.0
2025-09-28,BALNEÁRIO GAIVOTA,0.0
2025-09-28,CANOINHAS,0.0
2025-09-28,CORDILHEIRA ALTA,0.0
2025-09-28,CRICIÚMA,0.0
2025-09-28,CORONEL FREITAS,0.0
2025-09-28,XAVANTINA,0.0
2025-09-28,MIRIM DOCE,0.0
2025-09-28,CAPINZAL,0.0
2025-09-28,AGRONÔMICA,0.0
2025-09-28,BALNEÁRIO RINCÃO,0.0
2025-09-28,AGROLÂNDIA,0.0
2025-09-28,CAÇADOR,1.349436610215235
2025-09-28,VIDEIRA,3.5764739543284274
2025-09-28,XAXIM,0.0
2025-09-28,CAXAMBU DO SUL,0.0
2025-09-28,DESCANSO,0.0
2025-09-28,TURVO,0.0
2025-09-28,DIONÍSIO CERQUEIRA,13.34311828674361
2025-10-05,ÁGUA DOCE,0.0
2025-10-05,LAGUNA,0.0
2025-10-05,ANCHIETA,0.0
2025-10-05,AURORA,0.0
2025-10-05,CAMBORIÚ,2.674583433630212
2025-10-05,LAJEADO GRANDE,0.0
2025-10-05,BOTUVERÁ,0.0
2025-10-05,LEOBERTO LEAL,0.0
2025-10-05,SÃO JOÃO BATISTA,0.0
2025-10-05,LAURO MÜLLER,0.0
2025-10-05,SÃO JOÃO DO ITAPERIÚ,0.0
2025-10-05,IRACEMINHA,0.0
2025-10-05,CRICIÚMA,0.0
2025-10-05,LAURENTINO,0.0
2025-10-05,DIONÍSIO CERQUEIRA,13.34311828674361
2025-10-05,LINDÓIA DO SUL,0.0
2025-10-05,XAXIM,0.0
2025-10-05,SIDERÓPOLIS,0.0
2025-10-05,MARAVILHA,0.0
2025-10-05,IPIRA,0.0
2025-10-05,BALNEÁRIO PIÇARRAS,3.5489938602406217
2025-10-05,TIMBÓ,0.0
2025-10-05,IPORÃ DO OESTE,0.0
2025-10-05,IPUAÇU,0.0
2025-10-05,MARACAJÁ,0.0
2025-10-05,CORREIA PINTO,0.0
2025-10-05,SANGÃO,0.0
2025-10-05,SÃO FRANCISCO DO SUL,0.0
2025-10-05,SÃO JOSÉ DO CEDRO,0.0
2025-10-05,MAJOR GERCINO,0.0
2025-10-05,MAFRA,0.0
2025-10-05,DONA EMMA,0.0
2025-10-05,LUZERNA,0.0
2025-10-05,SÃO MARTINHO,0.0
2025-10-05,IPUMIRIM,0.0
2025-10-05,SÃO JOSÉ,3.4793621633282186
2025-10-05,LUIZ ALVES,0.0
2025-10-05,TIJUCAS,2.021263694061527
2025-10-05,CORUPÁ,0.0
2025-10-05,BOMBINHAS,4.095674967234601
2025-10-05,ARROIO TRINTA,0.0
2025-10-05,LONTRAS,0.0
2025-10-05,LAGES,0.0
2025-10-05,SÃO JOÃO DO OESTE,0.0
2025-10-05,SÃO MIGUEL DO OESTE,0.0
2025-10-05,JABORÁ,0.0
2025-10-05,IRINEÓPOLIS,0.0
2025-10-05,IÇARA,0.0
2025-10-05,DESCANSO,0.0
2025-10-05,ITAJAÍ,2.404102085043394
2025-10-05,ASCURRA,0.0
2025-10-05,SÃO JOAQUIM,0.0
2025-10-05,CURITIBANOS,0.0
2025-10-05,BRUSQUE,0.0
2025-10-05,ITÁ,14.158289678606824
2025-10-05,ITUPORANGA,0.0
2025-10-05,MORRO GRANDE,0.0
2025-10-05,TANGARÁ,0.0
2025-10-05,ITAPOÁ,0.0
2025-10-05,BANDEIRANTE,0.0
2025-10-05,ITAPIRANGA,0.0
2025-10-05,TAIÓ,0.0
2025-10-05,ITAPEMA,1.3115270108987895
2025-10-05,CAIBI,0.0
2025-10-05,SÃO PEDRO DE ALCÂNTARA,0.0
2025-10-05,JAGUARUNA,0.0
2025-10-05,JARAGUÁ DO SUL,0.517319869221537
2025-10-05,CUNHATAÍ,0.0
2025-10-05,CAPINZAL,0.0
2025-10-05,ARMAZÉM,0.0
2025-10-05,ARVOREDO,0.0
2025-10-05,LACERDÓPOLIS,0.0
2025-10-05,IRANI,0.0
2025-10-05,CUNHA PORÃ,0.0
2025-10-05,JUPIÁ,0.0
2025-10-05,BRAÇO DO NORTE,2.9314337642540966
2025-10-05,SÃO LOURENÇO DO OESTE,0.0
2025-10-05,JOSÉ BOITEUX,0.0
2025-10-05,JOINVILLE,0.6472711855904488
2025-10-05,ZORTÉA,0.0
2025-10-05,BRAÇO DO TROMBUDO,0.0
2025-10-05,SÃO LUDGERO,0.0
2025-10-05,JOAÇABA,0.0
2025-10-05,OTACÍLIO COSTA,0.0
2025-10-05,CHAPADÃO DO LAGEADO,0.0
2025-10-05,IRATI,0.0
2025-10-05,TIGRINHOS,0.0
2025-10-05,JARDINÓPOLIS,0.0
2025-10-05,ALTO BELA VISTA,0.0
2025-10-05,TURVO,0.0
2025-10-05,BOM JESUS DO OESTE,0.0
2025-10-05,FLORIANÓPOLIS,11.668408220132358
2025-10-05,SÃO DOMINGOS,0.0
2025-10-05,CAPÃO ALTO,0.0
2025-10-05,SANTA TEREZINHA,0.0
2025-10-05,PORTO UNIÃO,0.0
2025-10-05,PRESIDENTE CASTELLO BRANCO,0.0
2025-10-05,PORTO BELO,7.213445863088797
2025-10-05,CELSO RAMOS,0.0
2025-10-05,BARRA BONITA,0.0
2025-10-05,ANITA GARIBALDI,0.0
2025-10-05,PONTE SERRADA,0.0
2025-10-05,BENEDITO NOVO,0.0
2025-10-05,SANTA TEREZINHA DO PROGRESSO,0.0
2025-10-05,POUSO REDONDO,0.0
2025-10-05,PONTE ALTA,0.0
2025-10-05,ÁGUAS MORNAS,0.0
2025-10-05,SANTIAGO DO SUL,0.0
2025-10-05,PLANALTO ALEGRE,0.0
2025-10-05,ARABUTÃ,0.0
2025-10-05,PIRATUBA,0.0
2025-10-05,CHAPECÓ,2.389010551463269
2025-10-05,GRÃO-PARÁ,0.0
2025-10-05,SANTO AMARO DA IMPERATRIZ,0.0
2025-10-05,PINHALZINHO,0.0
2025-10-05,PETROLÂNDIA,0.0
2025-10-05,PERITIBA,0.0
2025-10-05,POMERODE,0.0
2025-10-05,PRESIDENTE GETÚLIO,0.0
2025-10-05,SANTA HELENA,0.0
2025-10-05,BELMONTE,0.0
2025-10-05,RODEIO,0.0
2025-10-05,CATANDUVAS,0.0
2025-10-05,ROMELÂNDIA,0.0
2025-10-05,RIQUEZA,0.0
2025-10-05,PINHEIRO PRETO,0.0
2025-10-05,RIO NEGRINHO,0.0
2025-10-05,SALETE,0.0
2025-10-05,RIO DOS CEDROS,0.0
2025-10-05,BALNEÁRIO RINCÃO,0.0
2025-10-05,RIO DO SUL,0.0
2025-10-05,BARRA VELHA,0.0
2025-10-05,ANTÔNIO CARLOS,0.0
2025-10-05,CAXAMBU DO SUL,0.0
2025-10-05,RIO DO OESTE,0.0
2025-10-05,SALTINHO,0.0
2025-10-05,RANCHO QUEIMADO,0.0
2025-10-05,JACINTO MACHADO,0.0
2025-10-05,AGROLÂNDIA,0.0
2025-10-05,QUILOMBO,0.0
2025-10-05,AGRONÔMICA,0.0
2025-10-05,APIÚNA,0.0
2025-10-05,SALTO VELOSO,0.0
2025-10-05,PRINCESA,0.0
2025-10-05,CAÇADOR,0.0
2025-10-05,PRESIDENTE NEREU,0.0
2025-10-05,SAUDADES,0.0
2025-10-05,MAREMA,0.0
2025-10-05,PENHA,5.9880239520958085
2025-10-05,PAULO LOPES,0.0
2025-10-05,NOVO HORIZONTE,0.0
2025-10-05,ERMO,0.0
2025-10-05,MACIEIRA,0.0
2025-10-05,RIO DO CAMPO,0.0
2025-10-05,SÃO BENTO DO SUL,0.0
2025-10-05,NOVA VENEZA,0.0
2025-10-05,NOVA TRENTO,0.0
2025-10-05,CORONEL FREITAS,0.0
2025-10-05,BOM JESUS,0.0
2025-10-05,NOVA ITABERABA,0.0
2025-10-05,ARARANGUÁ,0.0
2025-10-05,MIRIM DOCE,0.0
2025-10-05,SÃO BERNARDINO,0.0
2025-10-05,NAVEGANTES,0.0
2025-10-05,ÁGUAS DE CHAPECÓ,0.0
2025-10-05,SÃO BONIFÁCIO,0.0
2025-10-05,IOMERÊ,0.0
2025-10-05,ABDON BATISTA,0.0
2025-10-05,MONDAÍ,0.0
2025-10-05,CORONEL MARTINS,0.0
2025-10-05,SÃO CARLOS,0.0
2025-10-05,MODELO,0.0
2025-10-05,MASSARANDUBA,0.0
2025-10-05,CAPIVARI DE BAIXO,0.0
2025-10-05,NOVA ERECHIM,0.0
2025-10-05,ORLEANS,0.0
2025-10-05,SUL BRASIL,0.0
2025-10-05,OURO,0.0
2025-10-05,COCAL DO SUL,0.0
2025-10-05,PASSOS MAIA,0.0
2025-10-05,RIO DAS ANTAS,0.0
2025-10-05,SCHROEDER,0.0
2025-10-05,PASSO DE TORRES,0.0
2025-10-05,VARGEM,0.0
2025-10-05,PARAÍSO,0.0
2025-10-05,BLUMENAU,0.0
2025-10-05,CONCÓRDIA,0.0
2025-10-05,PAPANDUVA,0.0
2025-10-05,SEARA,0.0
2025-10-05,PALMITOS,0.0
2025-10-05,ARAQUARI,4.399278518322995
2025-10-05,ANITÁPOLIS,0.0
2025-10-05,PALMA SOLA,0.0
2025-10-05,ÁGUAS FRIAS,0.0
2025-10-05,MAJOR VIEIRA,0.0
2025-10-05,SERRA ALTA,0.0
2025-10-05,PALHOÇA,0.8451727955780559
2025-10-05,PAIAL,0.0
2025-10-05,ABELARDO LUZ,0.0
2025-10-05,SOMBRIO,0.0
2025-10-05,OURO VERDE,0.0
2025-10-05,CORDILHEIRA ALTA,0.0
2025-10-05,BOM JARDIM DA SERRA,0.0
2025-10-05,BIGUAÇU,5.087569795098127
2025-10-05,MORRO DA FUMAÇA,0.0
2025-10-05,SÃO MIGUEL DA BOA VISTA,0.0
2025-10-05,URUSSANGA,0.0
2025-10-05,VITOR MEIRELES,0.0
2025-10-05,TUNÁPOLIS,0.0
2025-10-05,GUARACIABA,0.0
2025-10-05,FLOR DO SERTÃO,0.0
2025-10-05,UNIÃO DO OESTE,0.0
2025-10-05,IBICARÉ,0.0
2025-10-05,INDAIAL,0.0
2025-10-05,IBIRAMA,0.0
2025-10-05,TUBARÃO,0.0
2025-10-05,GALVÃO,0.0
2025-10-05,CANOINHAS,0.0
2025-10-05,VIDAL RAMOS,0.0
2025-10-05,IMARUÍ,0.0
2025-10-05,GASPAR,0.0
2025-10-05,FORMOSA DO SUL,0.0
2025-10-05,BOM RETIRO,0.0
2025-10-05,CAMPOS NOVOS,0.0
2025-10-05,CAMPO ALEGRE,0.0
2025-10-05,XANXERÊ,0.0
2025-10-05,BALNEÁRIO GAIVOTA,0.0
2025-10-05,GUATAMBÚ,0.0
2025-10-05,TROMBUDO CENTRAL,0.0
2025-10-05,CAMPO ERÊ,0.0
2025-10-05,CANELINHA,0.0
2025-10-05,BALNEÁRIO ARROIO DO SILVA,0.0
2025-10-05,MONTE CARLO,0.0
2025-10-05,FORQUILHINHA,0.0
2025-10-05,XAVANTINA,0.0
2025-10-05,ALFREDO WAGNER,0.0
2025-10-05,IMBUIA,0.0
2025-10-05,TIMBÉ DO SUL,0.0
2025-10-05,VIDEIRA,1.7882369771642137
2025-10-05,GUABIRUBA,0.0
2025-10-05,SANTA CECÍLIA,0.0
2025-10-05,GRAVATAL,0.0
2025-10-05,BALNEÁRIO BARRA DO SUL,0.0
2025-10-05,DOUTOR PEDRINHO,0.0
2025-10-05,BALNEÁRIO CAMBORIÚ,0.0
2025-10-05,FRAIBURGO,0.0
2025-10-05,GAROPABA,0.0
2025-10-05,IMBITUBA,0.0
2025-10-05,URUBICI,0.0
2025-10-05,GOVERNADOR CELSO RAMOS,0.0
2025-10-05,GARUVA,0.0
2025-10-05,GUARAMIRIM,0.0
2025-10-05,TREZE TÍLIAS,0.0
2025-10-05,VARGEÃO,0.0
2025-10-05,ERVAL VELHO,0.0
2025-10-05,VARGEM BONITA,0.0
2025-10-05,GUARUJÁ DO SUL,0.0
2025-10-05,ENTRE RIOS,0.0
2025-10-05,ILHOTA,0.0
2025-10-05,HERVAL D'OESTE,0.0
2025-10-05,TREVISO,0.0
2025-10-05,FAXINAL DOS GUEDES,0.0
2025-10-12,SÃO JOÃO DO ITAPERIÚ,0.0
2025-10-12,PALHOÇA,0.8451727955780559
2025-10-12,BOTUVERÁ,0.0
2025-10-12,SERRA ALTA,0.0
2025-10-12,LAGES,0.0
2025-10-12,CAMPO ERÊ,0.0
2025-10-12,LAJEADO GRANDE,0.0
2025-10-12,CONCÓRDIA,0.0
2025-10-12,BLUMENAU,0.0
2025-10-12,IBICARÉ,0.0
2025-10-12,CHAPADÃO DO LAGEADO,0.0
2025-10-12,GOVERNADOR CELSO RAMOS,11.556685542586386
2025-10-12,PALMA SOLA,0.0
2025-10-12,ANITÁPOLIS,0.0
2025-10-12,FAXINAL DOS GUEDES,0.0
2025-10-12,SEARA,0.0
2025-10-12,LAGUNA,0.0
2025-10-12,PALMITOS,0.0
2025-10-12,ARAQUARI,6.598917777484493
2025-10-12,ARMAZÉM,0.0
2025-10-12,GASPAR,0.0
2025-10-12,SIDERÓPOLIS,0.0
2025-10-12,AGRONÔMICA,0.0
2025-10-12,VARGEM BONITA,0.0
2025-10-12,PAULO LOPES,0.0
2025-10-12,BIGUAÇU,3.8156773463235947
2025-10-12,SÃO LUDGERO,0.0
2025-10-12,ERVAL VELHO,0.0
2025-10-12,GARUVA,0.0
2025-10-12,JOAÇABA,0.0
2025-10-12,PENHA,8.982035928143713
2025-10-12,ENTRE RIOS,0.0
2025-10-12,VARGEM,0.0
2025-10-12,BALNEÁRIO RINCÃO,0.0
2025-10-12,JARDINÓPOLIS,0.0
2025-10-12,PERITIBA,0.0
2025-10-12,CUNHATAÍ,0.0
2025-10-12,JOINVILLE,0.6472711855904488
2025-10-12,COCAL DO SUL,0.0
2025-10-12,PASSOS MAIA,0.0
2025-10-12,BRAÇO DO NORTE,0.0
2025-10-12,SÃO JOÃO DO OESTE,0.0
2025-10-12,LACERDÓPOLIS,0.0
2025-10-12,ÁGUAS FRIAS,0.0
2025-10-12,BALNEÁRIO BARRA DO SUL,0.0
2025-10-12,ARVOREDO,0.0
2025-10-12,PARAÍSO,0.0
2025-10-12,CUNHA PORÃ,0.0
2025-10-12,PAPANDUVA,0.0
2025-10-12,RIO DAS ANTAS,0.0
2025-10-12,PASSO DE TORRES,0.0
2025-10-12,SÃO LOURENÇO DO OESTE,0.0
2025-10-12,SCHROEDER,0.0
2025-10-12,BALNEÁRIO CAMBORIÚ,0.0
2025-10-12,JOSÉ BOITEUX,0.0
2025-10-12,IBIRAMA,0.0
2025-10-12,ZORTÉA,0.0
2025-10-12,JUPIÁ,0.0
2025-10-12,TUNÁPOLIS,0.0
2025-10-12,HERVAL D'OESTE,0.0
2025-10-12,CRICIÚMA,0.0
2025-10-12,GUARACIABA,0.0
2025-10-12,NAVEGANTES,0.0
2025-10-12,MARACAJÁ,0.0
2025-10-12,GUARUJÁ DO SUL,0.0
2025-10-12,DONA EMMA,0.0
2025-10-12,CORREIA PINTO,0.0
2025-10-12,ARARANGUÁ,0.0
2025-10-12,UNIÃO DO OESTE,0.0
2025-10-12,SÃO FRANCISCO DO SUL,0.0
2025-10-12,ÁGUAS DE CHAPECÓ,0.0
2025-10-12,MAJOR GERCINO,0.0
2025-10-12,NOVA ERECHIM,0.0
2025-10-12,SÃO BERNARDINO,0.0
2025-10-12,SANGÃO,0.0
2025-10-12,XANXERÊ,0.0
2025-10-12,BOM JESUS,0.0
2025-10-12,SANTA CECÍLIA,0.0
2025-10-12,BALNEÁRIO PIÇARRAS,3.5489938602406217
2025-10-12,MAFRA,0.0
2025-10-12,SÃO BONIFÁCIO,0.0
2025-10-12,MORRO DA FUMAÇA,0.0
2025-10-12,MODELO,0.0
2025-10-12,OTACÍLIO COSTA,0.0
2025-10-12,SÃO CARLOS,0.0
2025-10-12,MASSARANDUBA,0.0
2025-10-12,CORONEL MARTINS,0.0
2025-10-12,GUARAMIRIM,0.0
2025-10-12,ABELARDO LUZ,0.0
2025-10-12,MAJOR VIEIRA,0.0
2025-10-12,SÃO DOMINGOS,0.0
2025-10-12,VITOR MEIRELES,0.0
2025-10-12,MONDAÍ,0.0
2025-10-12,MAREMA,0.0
2025-10-12,MONTE CARLO,0.0
2025-10-12,MIRIM DOCE,0.0
2025-10-12,BOM JESUS DO OESTE,0.0
2025-10-12,CAPIVARI DE BAIXO,0.0
2025-10-12,URUBICI,0.0
2025-10-12,MARAVILHA,0.0
2025-10-12,NOVA ITABERABA,0.0
2025-10-12,ARROIO TRINTA,0.0
2025-10-12,ANITA GARIBALDI,0.0
2025-10-12,TIMBÉ DO SUL,0.0
2025-10-12,SUL BRASIL,0.0
2025-10-12,BOM JARDIM DA SERRA,0.0
2025-10-12,BALNEÁRIO GAIVOTA,0.0
2025-10-12,OURO,0.0
2025-10-12,LEOBERTO LEAL,0.0
2025-10-12,SÃO MIGUEL DA BOA VISTA,0.0
2025-10-12,ABDON BATISTA,0.0
2025-10-12,CORDILHEIRA ALTA,0.0
2025-10-12,SÃO JOÃO BATISTA,0.0
2025-10-12,GRAVATAL,0.0
2025-10-12,OURO VERDE,0.0
2025-10-12,LAURO MÜLLER,0.0
2025-10-12,SOMBRIO,0.0
2025-10-12,MACIEIRA,0.0
2025-10-12,URUSSANGA,0.0
2025-10-12,PAIAL,0.0
2025-10-12,LINDÓIA DO SUL,0.0
2025-10-12,ORLEANS,0.0
2025-10-12,CAMPOS NOVOS,0.0
2025-10-12,SÃO JOSÉ DO CEDRO,0.0
2025-10-12,ÁGUA DOCE,0.0
2025-10-12,CORONEL FREITAS,0.0
2025-10-12,LUZERNA,0.0
2025-10-12,NOVA TRENTO,0.0
2025-10-12,GUATAMBÚ,0.0
2025-10-12,SÃO JOSÉ,5.219043244992329
2025-10-12,RIO DO CAMPO,0.0
2025-10-12,LUIZ ALVES,0.0
2025-10-12,LAURENTINO,0.0
2025-10-12,NOVA VENEZA,0.0
2025-10-12,GUABIRUBA,0.0
2025-10-12,BOMBINHAS,8.191349934469201
2025-10-12,ANCHIETA,0.0
2025-10-12,LONTRAS,0.0
2025-10-12,NOVO HORIZONTE,0.0
2025-10-12,CORUPÁ,0.0
2025-10-12,ERMO,0.0
2025-10-12,ALFREDO WAGNER,0.0
2025-10-12,SÃO BENTO DO SUL,0.0
2025-10-12,JARAGUÁ DO SUL,0.0
2025-10-12,SAUDADES,0.0
2025-10-12,PRESIDENTE CASTELLO BRANCO,0.0
2025-10-12,ITAPEMA,1.3115270108987895
2025-10-12,FRAIBURGO,0.0
2025-10-12,CAMBORIÚ,1.7830556224201413
2025-10-12,VIDAL RAMOS,0.0
2025-10-12,BELMONTE,0.0
2025-10-12,BARRA VELHA,0.0
2025-10-12,TAIÓ,0.0
2025-10-12,IPUMIRIM,0.0
2025-10-12,POUSO REDONDO,0.0
2025-10-12,XAXIM,0.0
2025-10-12,CAPÃO ALTO,0.0
2025-10-12,ITAPIRANGA,0.0
2025-10-12,FORMOSA DO SUL,0.0
2025-10-12,SANTA TEREZINHA,0.0
2025-10-12,AURORA,0.0
2025-10-12,INDAIAL,0.0
2025-10-12,PORTO UNIÃO,0.0
2025-10-12,AGROLÂNDIA,0.0
2025-10-12,ITUPORANGA,0.0
2025-10-12,PONTE SERRADA,0.0
2025-10-12,IPUAÇU,0.0
2025-10-12,CELSO RAMOS,0.0
2025-10-12,GALVÃO,0.0
2025-10-12,PRESIDENTE GETÚLIO,0.0
2025-10-12,TIGRINHOS,0.0
2025-10-12,ITAPOÁ,0.0
2025-10-12,PORTO BELO,10.820168794633195
2025-10-12,RIO DO SUL,0.0
2025-10-12,TREVISO,0.0
2025-10-12,TIJUCAS,4.042527388123054
2025-10-12,VARGEÃO,0.0
2025-10-12,CANELINHA,0.0
2025-10-12,SÃO MARTINHO,0.0
2025-10-12,TURVO,0.0
2025-10-12,IMBITUBA,0.0
2025-10-12,IMBUIA,0.0
2025-10-12,QUILOMBO,0.0
2025-10-12,IRATI,0.0
2025-10-12,BALNEÁRIO ARROIO DO SILVA,0.0
2025-10-12,SALTO VELOSO,0.0
2025-10-12,CAMPO ALEGRE,0.0
2025-10-12,IRANI,0.0
2025-10-12,BRAÇO DO TROMBUDO,0.0
2025-10-12,RANCHO QUEIMADO,0.0
2025-10-12,PRINCESA,0.0
2025-10-12,DESCANSO,0.0
2025-10-12,TROMBUDO CENTRAL,0.0
2025-10-12,IRINEÓPOLIS,0.0
2025-10-12,BARRA BONITA,0.0
2025-10-12,APIÚNA,0.0
2025-10-12,CAÇADOR,0.0
2025-10-12,XAVANTINA,0.0
2025-10-12,ALTO BELA VISTA,0.0
2025-10-12,VIDEIRA,1.7882369771642137
2025-10-12,DIONÍSIO CERQUEIRA,0.0
2025-10-12,SANTA HELENA,0.0
2025-10-12,ILHOTA,0.0
2025-10-12,ITAJAÍ,3.0909883950557924
2025-10-12,RIO DO OESTE,0.0
2025-10-12,CAXAMBU DO SUL,0.0
2025-10-12,IRACEMINHA,0.0
2025-10-12,CAIBI,0.0
2025-10-12,TANGARÁ,0.0
2025-10-12,PRESIDENTE NEREU,0.0
2025-10-12,JACINTO MACHADO,0.0
2025-10-12,SALTINHO,0.0
2025-10-12,FLOR DO SERTÃO,0.0
2025-10-12,RIO DOS CEDROS,0.0
2025-10-12,FORQUILHINHA,0.0
2025-10-12,SALETE,0.0
2025-10-12,MORRO GRANDE,0.0
2025-10-12,POMERODE,0.0
2025-10-12,CANOINHAS,0.0
2025-10-12,CAPINZAL,0.0
2025-10-12,TREZE TÍLIAS,0.0
2025-10-12,JABORÁ,0.0
2025-10-12,SANTIAGO DO SUL,0.0
2025-10-12,RIQUEZA,0.0
2025-10-12,IPIRA,0.0
2025-10-12,PLANALTO ALEGRE,0.0
2025-10-12,SÃO MIGUEL DO OESTE,0.0
2025-10-12,BRUSQUE,0.0
2025-10-12,GRÃO-PARÁ,0.0
2025-10-12,ANTÔNIO CARLOS,0.0
2025-10-12,GAROPABA,0.0
2025-10-12,PETROLÂNDIA,0.0
2025-10-12,JAGUARUNA,0.0
2025-10-12,CATANDUVAS,0.0
2025-10-12,PIRATUBA,0.0
2025-10-12,FLORIANÓPOLIS,10.449320794148381
2025-10-12,RODEIO,0.0
2025-10-12,ARABUTÃ,0.0
2025-10-12,CHAPECÓ,3.583515827194903
2025-10-12,BANDEIRANTE,0.0
2025-10-12,SANTO AMARO DA IMPERATRIZ,0.0
2025-10-12,PINHALZINHO,0.0
2025-10-12,IOMERÊ,0.0
2025-10-12,DOUTOR PEDRINHO,0.0
2025-10-12,ROMELÂNDIA,0.0
2025-10-12,IÇARA,0.0
2025-10-12,TIMBÓ,0.0
2025-10-12,IPORÃ DO OESTE,0.0
2025-10-12,IMARUÍ,0.0
2025-10-12,TUBARÃO,0.0
2025-10-12,BOM RETIRO,0.0
2025-10-12,ÁGUAS MORNAS,0.0
2025-10-12,ASCURRA,0.0
2025-10-12,CURITIBANOS,0.0
2025-10-12,ITÁ,14.158289678606824
2025-10-12,PONTE ALTA,0.0
2025-10-12,RIO NEGRINHO,0.0
2025-10-12,PINHEIRO PRETO,0.0
2025-10-12,SÃO PEDRO DE ALCÂNTARA,0.0
2025-10-12,SÃO JOAQUIM,0.0
2025-10-12,BENEDITO NOVO,0.0
2025-10-12,SANTA TEREZINHA DO PROGRESSO,0.0
2025-10-19,NOVA ERECHIM,0.0
2025-10-19,PINHEIRO PRETO,0.0
2025-10-19,SALTINHO,0.0
2025-10-19,FLORIANÓPOLIS,8.185301288749564
2025-10-19,ERVAL VELHO,0.0
2025-10-19,RANCHO QUEIMADO,0.0
2025-10-19,SÃO BENTO DO SUL,0.0
2025-10-19,SÃO BERNARDINO,0.0
2025-10-19,CAXAMBU DO SUL,0.0
2025-10-19,RODEIO,0.0
2025-10-19,VIDAL RAMOS,0.0
2025-10-19,SÃO CARLOS,0.0
2025-10-19,GUARACIABA,0.0
2025-10-19,FLOR DO SERTÃO,0.0
2025-10-19,MODELO,0.0
2025-10-19,NAVEGANTES,1.1279679657097739
2025-10-19,CAPIVARI DE BAIXO,0.0
2025-10-19,NOVA TRENTO,0.0
2025-10-19,ARARANGUÁ,0.0
2025-10-19,SALETE,0.0
2025-10-19,CORONEL FREITAS,0.0
2025-10-19,FORMOSA DO SUL,0.0
2025-10-19,SÃO BONIFÁCIO,0.0
2025-10-19,XANXERÊ,0.0
2025-10-19,ÁGUAS DE CHAPECÓ,0.0
2025-10-19,RIO NEGRINHO,0.0
2025-10-19,ANTÔNIO CARLOS,0.0
2025-10-19,BARRA VELHA,0.0
2025-10-19,RIO DO OESTE,0.0
2025-10-19,BARRA BONITA,0.0
2025-10-19,OTACÍLIO COSTA,0.0
2025-10-19,RIO DOS CEDROS,0.0
2025-10-19,JACINTO MACHADO,0.0
2025-10-19,MONDAÍ,0.0
2025-10-19,NOVA ITABERABA,0.0
2025-10-19,MORRO DA FUMAÇA,0.0
2025-10-19,RIQUEZA,0.0
2025-10-19,URUBICI,0.0
2025-10-19,BOM JESUS,0.0
2025-10-19,AGROLÂNDIA,0.0
2025-10-19,RIO DO CAMPO,0.0
2025-10-19,ROMELÂNDIA,0.0
2025-10-19,RIO DO SUL,0.0
2025-10-19,BALNEÁRIO PIÇARRAS,3.5489938602406217
2025-10-19,CATANDUVAS,0.0
2025-10-19,VARGEM BONITA,0.0
2025-10-19,APIÚNA,0.0
2025-10-19,NOVA VENEZA,0.0
2025-10-19,POMERODE,0.0
2025-10-19,PETROLÂNDIA,0.0
2025-10-19,BENEDITO NOVO,0.0
2025-10-19,SCHROEDER,0.0
2025-10-19,PASSO DE TORRES,0.0
2025-10-19,FAXINAL DOS GUEDES,0.0
2025-10-19,ÁGUAS FRIAS,0.0
2025-10-19,MACIEIRA,0.0
2025-10-19,PONTE ALTA,0.0
2025-10-19,SANTA TEREZINHA DO PROGRESSO,0.0
2025-10-19,PARAÍSO,0.0
2025-10-19,AGRONÔMICA,0.0
2025-10-19,GASPAR,0.0
2025-10-19,RIO DAS ANTAS,0.0
2025-10-19,ANITÁPOLIS,0.0
2025-10-19,PRESIDENTE CASTELLO BRANCO,0.0
2025-10-19,ÁGUAS MORNAS,0.0
2025-10-19,COCAL DO SUL,0.0
2025-10-19,PASSOS MAIA,0.0
2025-10-19,VARGEM,0.0
2025-10-19,GRÃO-PARÁ,0.0
2025-10-19,CHAPECÓ,5.574357953414294
2025-10-19,ARABUTÃ,0.0
2025-10-19,SANTO AMARO DA IMPERATRIZ,0.0
2025-10-19,PERITIBA,0.0
2025-10-19,PINHALZINHO,4.6522447080716445
2025-10-19,BALNEÁRIO CAMBORIÚ,0.0
2025-10-19,BALNEÁRIO ARROIO DO SILVA,0.0
2025-10-19,GAROPABA,0.0
2025-10-19,PAPANDUVA,0.0
2025-10-19,CANOINHAS,0.0
2025-10-19,PENHA,8.982035928143713
2025-10-19,SANTIAGO DO SUL,0.0
2025-10-19,GARUVA,0.0
2025-10-19,SAUDADES,0.0
2025-10-19,PAULO LOPES,0.0
2025-10-19,PLANALTO ALEGRE,0.0
2025-10-19,VIDEIRA,0.0
2025-10-19,BIGUAÇU,3.8156773463235947
2025-10-19,PIRATUBA,0.0
2025-10-19,GALVÃO,0.0
2025-10-19,PONTE SERRADA,0.0
2025-10-19,CELSO RAMOS,0.0
2025-10-19,SANTA HELENA,0.0
2025-10-19,SOMBRIO,0.0
2025-10-19,GRAVATAL,0.0
2025-10-19,OURO,0.0
2025-10-19,CANELINHA,0.0
2025-10-19,CORDILHEIRA ALTA,0.0
2025-10-19,PRESIDENTE NEREU,0.0
2025-10-19,CAÇADOR,0.0
2025-10-19,PRESIDENTE GETÚLIO,0.0
2025-10-19,BOM JARDIM DA SERRA,0.0
2025-10-19,ORLEANS,0.0
2025-10-19,TREVISO,0.0
2025-10-19,ERMO,0.0
2025-10-19,PRINCESA,0.0
2025-10-19,NOVO HORIZONTE,0.0
2025-10-19,SALTO VELOSO,0.0
2025-10-19,FORQUILHINHA,0.0
2025-10-19,GUABIRUBA,0.0
2025-10-19,SUL BRASIL,0.0
2025-10-19,QUILOMBO,0.0
2025-10-19,OURO VERDE,0.0
2025-10-19,PAIAL,0.0
2025-10-19,CONCÓRDIA,0.0
2025-10-19,SEARA,0.0
2025-10-19,PALMITOS,0.0
2025-10-19,PORTO BELO,10.820168794633195
2025-10-19,SANTA TEREZINHA,0.0
2025-10-19,BLUMENAU,0.8256729234325976
2025-10-19,PALMA SOLA,0.0
2025-10-19,PORTO UNIÃO,0.0
2025-10-19,CAMPOS NOVOS,0.0
2025-10-19,VARGEÃO,0.0
2025-10-19,GOVERNADOR CELSO RAMOS,0.0
2025-10-19,PALHOÇA,0.0
2025-10-19,POUSO REDONDO,0.0
2025-10-19,BELMONTE,0.0
2025-10-19,ARAQUARI,4.399278518322995
2025-10-19,CAPÃO ALTO,0.0
2025-10-19,SERRA ALTA,0.0
2025-10-19,URUSSANGA,0.0
2025-10-19,FRAIBURGO,0.0
2025-10-19,CORONEL MARTINS,0.0
2025-10-19,ALFREDO WAGNER,0.0
2025-10-19,ITAJAÍ,4.12131786007439
2025-10-19,ENTRE RIOS,0.0
2025-10-19,LINDÓIA DO SUL,0.0
2025-10-19,CUNHA PORÃ,0.0
2025-10-19,SANTA CECÍLIA,0.0
2025-10-19,JUPIÁ,0.0
2025-10-19,IRINEÓPOLIS,0.0
2025-10-19,SÃO JOSÉ DO CEDRO,0.0
2025-10-19,CAMPO ERÊ,0.0
2025-10-19,LEOBERTO LEAL,0.0
2025-10-19,ABELARDO LUZ,0.0
2025-10-19,ITÁ,0.0
2025-10-19,MAJOR VIEIRA,0.0
2025-10-19,CAIBI,0.0
2025-10-19,IMARUÍ,0.0
2025-10-19,BALNEÁRIO RINCÃO,0.0
2025-10-19,SÃO PEDRO DE ALCÂNTARA,0.0
2025-10-19,ARVOREDO,0.0
2025-10-19,ARMAZÉM,0.0
2025-10-19,LUIZ ALVES,0.0
2025-10-19,GUATAMBÚ,0.0
2025-10-19,SÃO LOURENÇO DO OESTE,0.0
2025-10-19,LAGUNA,0.0
2025-10-19,IÇARA,0.0
2025-10-19,IRANI,0.0
2025-10-19,IRATI,0.0
2025-10-19,JOSÉ BOITEUX,0.0
2025-10-19,LONTRAS,0.0
2025-10-19,MONTE CARLO,0.0
2025-10-19,BOMBINHAS,12.2870249017038
2025-10-19,DESCANSO,0.0
2025-10-19,CORUPÁ,0.0
2025-10-19,BOM RETIRO,0.0
2025-10-19,TIGRINHOS,0.0
2025-10-19,SÃO JOSÉ,4.871107028659506
2025-10-19,HERVAL D'OESTE,0.0
2025-10-19,TANGARÁ,0.0
2025-10-19,BALNEÁRIO BARRA DO SUL,0.0
2025-10-19,ASCURRA,0.0
2025-10-19,SÃO JOÃO DO ITAPERIÚ,0.0
2025-10-19,LAGES,0.0
2025-10-19,SÃO JOAQUIM,0.0
2025-10-19,ITAPIRANGA,0.0
2025-10-19,BOTUVERÁ,0.0
2025-10-19,LAJEADO GRANDE,0.0
2025-10-19,MIRIM DOCE,0.0
2025-10-19,ZORTÉA,0.0
2025-10-19,CHAPADÃO DO LAGEADO,0.0
2025-10-19,ALTO BELA VISTA,0.0
2025-10-19,BRAÇO DO TROMBUDO,0.0
2025-10-19,ITAPOÁ,0.0
2025-10-19,IBICARÉ,0.0
2025-10-19,SÃO JOÃO BATISTA,0.0
2025-10-19,XAXIM,0.0
2025-10-19,TAIÓ,0.0
2025-10-19,TROMBUDO CENTRAL,0.0
2025-10-19,LAURO MÜLLER,0.0
2025-10-19,ANITA GARIBALDI,0.0
2025-10-19,SIDERÓPOLIS,0.0
2025-10-19,LACERDÓPOLIS,0.0
2025-10-19,ITUPORANGA,0.0
2025-10-19,BANDEIRANTE,0.0
2025-10-19,IMBITUBA,0.0
2025-10-19,ITAPEMA,0.0
2025-10-19,TUNÁPOLIS,0.0
2025-10-19,CRICIÚMA,0.0
2025-10-19,SÃO JOÃO DO OESTE,0.0
2025-10-19,CURITIBANOS,0.0
2025-10-19,LAURENTINO,0.0
2025-10-19,CAMPO ALEGRE,0.0
2025-10-19,BRUSQUE,0.0
2025-10-19,IMBUIA,0.0
2025-10-19,TURVO,0.0
2025-10-19,MARAVILHA,0.0
2025-10-19,JAGUARUNA,0.0
2025-10-19,UNIÃO DO OESTE,0.0
2025-10-19,XAVANTINA,0.0
2025-10-19,ILHOTA,0.0
2025-10-19,JOAÇABA,0.0
2025-10-19,SÃO MARTINHO,0.0
2025-10-19,IPORÃ DO OESTE,0.0
2025-10-19,MARACAJÁ,0.0
2025-10-19,IRACEMINHA,0.0
2025-10-19,SÃO LUDGERO,0.0
2025-10-19,AURORA,0.0
2025-10-19,GUARUJÁ DO SUL,0.0
2025-10-19,SÃO FRANCISCO DO SUL,0.0
2025-10-19,DONA EMMA,0.0
2025-10-19,INDAIAL,0.0
2025-10-19,TREZE TÍLIAS,0.0
2025-10-19,BOM JESUS DO OESTE,0.0
2025-10-19,JARAGUÁ DO SUL,0.517319869221537
2025-10-19,IOMERÊ,0.0
2025-10-19,CUNHATAÍ,0.0
2025-10-19,ABDON BATISTA,0.0
2025-10-19,MASSARANDUBA,0.0
2025-10-19,SÃO MIGUEL DA BOA VISTA,0.0
2025-10-19,CAPINZAL,0.0
2025-10-19,GUARAMIRIM,0.0
2025-10-19,SÃO DOMINGOS,0.0
2025-10-19,JARDINÓPOLIS,0.0
2025-10-19,TIMBÓ,0.0
2025-10-19,MAREMA,0.0
2025-10-19,MORRO GRANDE,0.0
2025-10-19,IPIRA,0.0
2025-10-19,VITOR MEIRELES,0.0
2025-10-19,MAJOR GERCINO,0.0
2025-10-19,BALNEÁRIO GAIVOTA,0.0
2025-10-19,IPUAÇU,0.0
2025-10-19,ARROIO TRINTA,0.0
2025-10-19,TUBARÃO,0.0
2025-10-19,DIONÍSIO CERQUEIRA,0.0
2025-10-19,JABORÁ,0.0
2025-10-19,LUZERNA,0.0
2025-10-19,JOINVILLE,0.809088981988061
2025-10-19,ÁGUA DOCE,0.0
2025-10-19,DOUTOR PEDRINHO,0.0
2025-10-19,CORREIA PINTO,0.0
2025-10-19,SANGÃO,0.0
2025-10-19,IBIRAMA,0.0
2025-10-19,TIMBÉ DO SUL,0.0
2025-10-19,MAFRA,0.0
2025-10-19,IPUMIRIM,0.0
2025-10-19,ANCHIETA,0.0
2025-10-19,TIJUCAS,6.063791082184582
2025-10-19,SÃO MIGUEL DO OESTE,0.0
2025-10-19,CAMBORIÚ,1.7830556224201413
2025-10-19,BRAÇO DO NORTE,0.0
2025-10-26,MIRIM DOCE,0.0
2025-10-26,VIDEIRA,1.7882369771642137
2025-10-26,ILHOTA,0.0
2025-10-26,POMERODE,0.0
2025-10-26,TUBARÃO,0.0
2025-10-26,PONTE ALTA,0.0
2025-10-26,IÇARA,0.0
2025-10-26,GALVÃO,0.0
2025-10-26,PINHALZINHO,13.956734124214934
2025-10-26,SÃO MIGUEL DO OESTE,2.2755199563100166
2025-10-26,ITÁ,0.0
2025-10-26,GRÃO-PARÁ,0.0
2025-10-26,ITAPOÁ,16.270215743060753
2025-10-26,BENEDITO NOVO,0.0
2025-10-26,BALNEÁRIO CAMBORIÚ,2.856408352138022
2025-10-26,SÃO PEDRO DE ALCÂNTARA,0.0
2025-10-26,SANTA TEREZINHA DO PROGRESSO,0.0
2025-10-26,MACIEIRA,0.0
2025-10-26,VARGEM BONITA,0.0
2025-10-26,ALTO BELA VISTA,0.0
2025-10-26,ITUPORANGA,0.0
2025-10-26,CELSO RAMOS,0.0
2025-10-26,PIRATUBA,0.0
2025-10-26,PLANALTO ALEGRE,0.0
2025-10-26,JAGUARUNA,0.0
2025-10-26,BRUSQUE,0.0
2025-10-26,SANTIAGO DO SUL,0.0
2025-10-26,JABORÁ,0.0
2025-10-26,IMARUÍ,0.0
2025-10-26,GAROPABA,0.0
2025-10-26,PONTE SERRADA,0.0
2025-10-26,CUNHATAÍ,0.0
2025-10-26,BRAÇO DO TROMBUDO,0.0
2025-10-26,PRESIDENTE CASTELLO BRANCO,0.0
2025-10-26,MAJOR VIEIRA,0.0
2025-10-26,ABELARDO LUZ,0.0
2025-10-26,SÃO CARLOS,0.0
2025-10-26,PORTO BELO,3.6067229315443985
2025-10-26,XAVANTINA,0.0
2025-10-26,IPUAÇU,0.0
2025-10-26,SALETE,0.0
2025-10-26,RIO DO SUL,0.0
2025-10-26,TIJUCAS,0.0
2025-10-26,FORMOSA DO SUL,0.0
2025-10-26,PINHEIRO PRETO,0.0
2025-10-26,IPUMIRIM,0.0
2025-10-26,DIONÍSIO CERQUEIRA,0.0
2025-10-26,RIO DO OESTE,0.0
2025-10-26,DOUTOR PEDRINHO,0.0
2025-10-26,TREZE TÍLIAS,0.0
2025-10-26,BARRA VELHA,2.1913965770385464
2025-10-26,TREVISO,0.0
2025-10-26,IRACEMINHA,0.0
2025-10-26,SALTINHO,0.0
2025-10-26,RANCHO QUEIMADO,0.0
2025-10-26,CAMBORIÚ,3.5661112448402825
2025-10-26,ABDON BATISTA,0.0
2025-10-26,RIO DOS CEDROS,0.0
2025-10-26,IPORÃ DO OESTE,0.0
2025-10-26,RODEIO,0.0
2025-10-26,IOMERÊ,0.0
2025-10-26,ANITA GARIBALDI,0.0
2025-10-26,JACINTO MACHADO,0.0
2025-10-26,TIMBÓ,0.0
2025-10-26,SÃO MARTINHO,0.0
2025-10-26,FLORIANÓPOLIS,7.140369209334726
2025-10-26,VITOR MEIRELES,0.0
2025-10-26,FLOR DO SERTÃO,0.0
2025-10-26,RIQUEZA,0.0
2025-10-26,CATANDUVAS,0.0
2025-10-26,IPIRA,0.0
2025-10-26,ROMELÂNDIA,0.0
2025-10-26,RIO NEGRINHO,0.0
2025-10-26,AURORA,0.0
2025-10-26,VIDAL RAMOS,0.0
2025-10-26,AGROLÂNDIA,0.0
2025-10-26,INDAIAL,0.0
2025-10-26,BALNEÁRIO GAIVOTA,0.0
2025-10-26,IMBUIA,0.0
2025-10-26,CAXAMBU DO SUL,0.0
2025-10-26,IRANI,0.0
2025-10-26,PRESIDENTE GETÚLIO,0.0
2025-10-26,ITAPEMA,0.0
2025-10-26,SANTA HELENA,0.0
2025-10-26,TAIÓ,0.0
2025-10-26,BELMONTE,0.0
2025-10-26,POUSO REDONDO,0.0
2025-10-26,CAMPO ALEGRE,0.0
2025-10-26,ÁGUAS MORNAS,0.0
2025-10-26,IMBITUBA,0.0
2025-10-26,VARGEM,0.0
2025-10-26,ITAPIRANGA,0.0
2025-10-26,PORTO UNIÃO,0.0
2025-10-26,XAXIM,3.162055335968379
2025-10-26,BOM RETIRO,0.0
2025-10-26,SÃO JOAQUIM,0.0
2025-10-26,ASCURRA,0.0
2025-10-26,SANTA TEREZINHA,0.0
2025-10-26,PETROLÂNDIA,0.0
2025-10-26,FRAIBURGO,0.0
2025-10-26,CURITIBANOS,0.0
2025-10-26,ITAJAÍ,16.48527144029756
2025-10-26,JARAGUÁ DO SUL,7.242478169101519
2025-10-26,TIGRINHOS,0.0
2025-10-26,QUILOMBO,0.0
2025-10-26,DESCANSO,0.0
2025-10-26,FORQUILHINHA,0.0
2025-10-26,CAPÃO ALTO,0.0
2025-10-26,CANELINHA,0.0
2025-10-26,IRATI,0.0
2025-10-26,ANTÔNIO CARLOS,0.0
2025-10-26,APIÚNA,0.0
2025-10-26,SALTO VELOSO,0.0
2025-10-26,SANTA CECÍLIA,0.0
2025-10-26,CAIBI,0.0
2025-10-26,IRINEÓPOLIS,0.0
2025-10-26,VARGEÃO,0.0
2025-10-26,PRESIDENTE NEREU,0.0
2025-10-26,TANGARÁ,0.0
2025-10-26,CAÇADOR,4.048309830645706
2025-10-26,TROMBUDO CENTRAL,0.0
2025-10-26,PRINCESA,0.0
2025-10-26,CHAPECÓ,28.668126617559224
2025-10-26,PENHA,8.982035928143713
2025-10-26,SÃO MIGUEL DA BOA VISTA,0.0
2025-10-26,BALNEÁRIO BARRA DO SUL,0.0
2025-10-26,CORUPÁ,19.62451756394322
2025-10-26,ORLEANS,0.0
2025-10-26,LINDÓIA DO SUL,0.0
2025-10-26,BOM JARDIM DA SERRA,0.0
2025-10-26,SUL BRASIL,0.0
2025-10-26,BOMBINHAS,12.2870249017038
2025-10-26,NOVO HORIZONTE,0.0
2025-10-26,ÁGUAS DE CHAPECÓ,34.05994550408719
2025-10-26,LONTRAS,0.0
2025-10-26,SÃO JOSÉ,5.5669794613251495
2025-10-26,CAPIVARI DE BAIXO,0.0
2025-10-26,ARROIO TRINTA,0.0
2025-10-26,ALFREDO WAGNER,0.0
2025-10-26,NOVA VENEZA,0.0
2025-10-26,GUATAMBÚ,0.0
2025-10-26,GUABIRUBA,0.0
2025-10-26,SÃO JOSÉ DO CEDRO,0.0
2025-10-26,BALNEÁRIO PIÇARRAS,14.195975440962487
2025-10-26,CORDILHEIRA ALTA,0.0
2025-10-26,OURO,0.0
2025-10-26,URUSSANGA,0.0
2025-10-26,AGRONÔMICA,0.0
2025-10-26,CRICIÚMA,0.0
2025-10-26,SERRA ALTA,0.0
2025-10-26,LAURENTINO,0.0
2025-10-26,PAIAL,51.78663904712584
2025-10-26,CAMPOS NOVOS,0.0
2025-10-26,ERMO,0.0
2025-10-26,ARAQUARI,6.598917777484493
2025-10-26,SÃO JOÃO BATISTA,0.0
2025-10-26,BANDEIRANTE,0.0
2025-10-26,OURO VERDE,0.0
2025-10-26,HERVAL D'OESTE,0.0
2025-10-26,CANOINHAS,0.0
2025-10-26,LAURO MÜLLER,0.0
2025-10-26,SOMBRIO,0.0
2025-10-26,BALNEÁRIO RINCÃO,0.0
2025-10-26,GRAVATAL,0.0
2025-10-26,PALHOÇA,1.267759193367084
2025-10-26,LUIZ ALVES,0.0
2025-10-26,SÃO BENTO DO SUL,0.0
2025-10-26,BOM JESUS DO OESTE,0.0
2025-10-26,GUARACIABA,26.896180742334586
2025-10-26,TIMBÉ DO SUL,0.0
2025-10-26,MORRO DA FUMAÇA,0.0
2025-10-26,MARAVILHA,0.0
2025-10-26,UNIÃO DO OESTE,0.0
2025-10-26,SÃO DOMINGOS,0.0
2025-10-26,ARARANGUÁ,0.0
2025-10-26,SÃO BONIFÁCIO,0.0
2025-10-26,MONDAÍ,0.0
2025-10-26,MAREMA,0.0
2025-10-26,ERVAL VELHO,0.0
2025-10-26,GUARAMIRIM,6.451335426433272
2025-10-26,CORONEL MARTINS,0.0
2025-10-26,MASSARANDUBA,0.0
2025-10-26,MODELO,0.0
2025-10-26,BARRA BONITA,0.0
2025-10-26,DONA EMMA,0.0
2025-10-26,SANGÃO,0.0
2025-10-26,BOM JESUS,0.0
2025-10-26,MARACAJÁ,0.0
2025-10-26,NOVA TRENTO,0.0
2025-10-26,CAMPO ERÊ,0.0
2025-10-26,URUBICI,0.0
2025-10-26,LUZERNA,0.0
2025-10-26,NOVA ITABERABA,0.0
2025-10-26,ÁGUA DOCE,0.0
2025-10-26,CORONEL FREITAS,9.70591089973794
2025-10-26,MAFRA,0.0
2025-10-26,RIO DO CAMPO,0.0
2025-10-26,SÃO FRANCISCO DO SUL,5.722133211261158
2025-10-26,NOVA ERECHIM,0.0
2025-10-26,CORREIA PINTO,0.0
2025-10-26,MAJOR GERCINO,0.0
2025-10-26,GUARUJÁ DO SUL,0.0
2025-10-26,SÃO BERNARDINO,0.0
2025-10-26,OTACÍLIO COSTA,0.0
2025-10-26,NAVEGANTES,4.5118718628390955
2025-10-26,ANCHIETA,0.0
2025-10-26,GOVERNADOR CELSO RAMOS,0.0
2025-10-26,TUNÁPOLIS,0.0
2025-10-26,BLUMENAU,5.229261848406451
2025-10-26,SÃO LOURENÇO DO OESTE,0.0
2025-10-26,ARVOREDO,0.0
2025-10-26,COCAL DO SUL,0.0
2025-10-26,LAJEADO GRANDE,0.0
2025-10-26,JOSÉ BOITEUX,0.0
2025-10-26,CUNHA PORÃ,0.0
2025-10-26,PASSO DE TORRES,0.0
2025-10-26,PASSOS MAIA,0.0
2025-10-26,SIDERÓPOLIS,0.0
2025-10-26,ENTRE RIOS,0.0
2025-10-26,SCHROEDER,4.947311136397368
2025-10-26,JUPIÁ,0.0
2025-10-26,PARAÍSO,0.0
2025-10-26,ARMAZÉM,0.0
2025-10-26,LACERDÓPOLIS,0.0
2025-10-26,SÃO JOÃO DO OESTE,0.0
2025-10-26,ÁGUAS FRIAS,0.0
2025-10-26,GASPAR,0.0
2025-10-26,BIGUAÇU,3.8156773463235947
2025-10-26,FAXINAL DOS GUEDES,0.0
2025-10-26,SANTO AMARO DA IMPERATRIZ,3.5385704175513095
2025-10-26,PERITIBA,0.0
2025-10-26,JARDINÓPOLIS,0.0
2025-10-26,CAPINZAL,4.313319530710835
2025-10-26,ARABUTÃ,0.0
2025-10-26,MORRO GRANDE,0.0
2025-10-26,SÃO LUDGERO,0.0
2025-10-26,ANITÁPOLIS,0.0
2025-10-26,TURVO,0.0
2025-10-26,GARUVA,0.0
2025-10-26,MONTE CARLO,0.0
2025-10-26,SAUDADES,29.20560747663551
2025-10-26,PAULO LOPES,0.0
2025-10-26,BRAÇO DO NORTE,0.0
2025-10-26,IBIRAMA,0.0
2025-10-26,JOINVILLE,1.618177963976122
2025-10-26,JOAÇABA,0.0
2025-10-26,PAPANDUVA,0.0
2025-10-26,BALNEÁRIO ARROIO DO SILVA,0.0
2025-10-26,LEOBERTO LEAL,0.0
2025-10-26,SEARA,0.0
2025-10-26,PALMA SOLA,13.156163662675965
2025-10-26,CHAPADÃO DO LAGEADO,0.0
2025-10-26,CONCÓRDIA,0.0
2025-10-26,LAGUNA,0.0
2025-10-26,XANXERÊ,3.921722420487078
2025-10-26,PALMITOS,0.0
2025-10-26,ZORTÉA,0.0
2025-10-26,BOTUVERÁ,0.0
2025-10-26,SÃO JOÃO DO ITAPERIÚ,0.0
2025-10-26,IBICARÉ,0.0
2025-10-26,LAGES,0.0
2025-10-26,RIO DAS ANTAS,0.0
2025-11-02,ERMO,0.0
2025-11-02,DONA EMMA,0.0
2025-11-02,SÃO CARLOS,0.0
2025-11-02,BOM RETIRO,0.0
2025-11-02,TUBARÃO,0.0
2025-11-02,AGROLÂNDIA,0.0
2025-11-02,SANTIAGO DO SUL,0.0
2025-11-02,URUSSANGA,0.0
2025-11-02,SANTA HELENA,0.0
2025-11-02,ALFREDO WAGNER,0.0
2025-11-02,MAJOR VIEIRA,0.0
2025-11-02,SERRA ALTA,0.0
2025-11-02,JACINTO MACHADO,0.0
2025-11-02,SAUDADES,9.735202492211839
2025-11-02,TIJUCAS,2.021263694061527
2025-11-02,SÃO BERNARDINO,0.0
2025-11-02,PETROLÂNDIA,0.0
2025-11-02,ABDON BATISTA,0.0
2025-11-02,SÃO LUDGERO,0.0
2025-11-02,VIDAL RAMOS,0.0
2025-11-02,VIDEIRA,1.7882369771642137
2025-11-02,ÁGUAS MORNAS,0.0
2025-11-02,ALTO BELA VISTA,0.0
2025-11-02,CHAPADÃO DO LAGEADO,0.0
2025-11-02,UNIÃO DO OESTE,0.0
2025-11-02,SÃO BONIFÁCIO,0.0
2025-11-02,TIMBÓ,0.0
2025-11-02,ANCHIETA,0.0
2025-11-02,SANTO AMARO DA IMPERATRIZ,3.5385704175513095
2025-11-02,ANITÁPOLIS,0.0
2025-11-02,ANITA GARIBALDI,0.0
2025-11-02,MONTE CARLO,0.0
2025-11-02,GRÃO-PARÁ,0.0
2025-11-02,ZORTÉA,25.477707006369425
2025-11-02,SÃO DOMINGOS,0.0
2025-11-02,ROMELÂNDIA,0.0
2025-11-02,VARGEM BONITA,0.0
2025-11-02,VARGEÃO,0.0
2025-11-02,SÃO JOÃO BATISTA,0.0
2025-11-02,TIGRINHOS,0.0
2025-11-02,MIRIM DOCE,0.0
2025-11-02,ABELARDO LUZ,0.0
2025-11-02,SOMBRIO,0.0
2025-11-02,SALTINHO,0.0
2025-11-02,TANGARÁ,0.0
2025-11-02,SCHROEDER,4.947311136397368
2025-11-02,SÃO JOSÉ,4.175234595993863
2025-11-02,BRAÇO DO TROMBUDO,0.0
2025-11-02,SÃO PEDRO DE ALCÂNTARA,0.0
2025-11-02,SÃO JOÃO DO OESTE,0.0
2025-11-02,SUL BRASIL,0.0
2025-11-02,ÁGUAS DE CHAPECÓ,0.0
2025-11-02,SALTO VELOSO,0.0
2025-11-02,TUNÁPOLIS,0.0
2025-11-02,SÃO JOSÉ DO CEDRO,0.0
2025-11-02,BALNEÁRIO ARROIO DO SILVA,0.0
2025-11-02,SÃO MIGUEL DA BOA VISTA,0.0
2025-11-02,TAIÓ,0.0
2025-11-02,ÁGUAS FRIAS,0.0
2025-11-02,SÃO BENTO DO SUL,0.0
2025-11-02,SEARA,0.0
2025-11-02,ARMAZÉM,0.0
2025-11-02,XANXERÊ,1.960861210243539
2025-11-02,SÃO FRANCISCO DO SUL,9.536888685435263
2025-11-02,SANTA TEREZINHA,0.0
2025-11-02,ÁGUA DOCE,0.0
2025-11-02,XAVANTINA,0.0
2025-11-02,MORRO GRANDE,0.0
2025-11-02,SÃO JOÃO DO ITAPERIÚ,0.0
2025-11-02,XAXIM,0.0
2025-11-02,SÃO LOURENÇO DO OESTE,0.0
2025-11-02,OTACÍLIO COSTA,0.0
2025-11-02,SÃO MIGUEL DO OESTE,4.551039912620033
2025-11-02,TROMBUDO CENTRAL,0.0
2025-11-02,URUBICI,0.0
2025-11-02,AGRONÔMICA,0.0
2025-11-02,TREZE TÍLIAS,0.0
2025-11-02,SANTA TEREZINHA DO PROGRESSO,0.0
2025-11-02,SALETE,0.0
2025-11-02,BARRA BONITA,0.0
2025-11-02,LAURO MÜLLER,0.0
2025-11-02,CAPINZAL,0.0
2025-11-02,LONTRAS,0.0
2025-11-02,ARROIO TRINTA,0.0
2025-11-02,LINDÓIA DO SUL,0.0
2025-11-02,LEOBERTO LEAL,0.0
2025-11-02,CAPIVARI DE BAIXO,0.0
2025-11-02,CAPÃO ALTO,0.0
2025-11-02,LAURENTINO,0.0
2025-11-02,LAJEADO GRANDE,0.0
2025-11-02,LAGUNA,0.0
2025-11-02,CATANDUVAS,0.0
2025-11-02,LAGES,0.0
2025-11-02,LACERDÓPOLIS,0.0
2025-11-02,JUPIÁ,0.0
2025-11-02,CAXAMBU DO SUL,0.0
2025-11-02,JOSÉ BOITEUX,0.0
2025-11-02,SIDERÓPOLIS,0.0
2025-11-02,JOINVILLE,4.692716095530754
2025-11-02,VARGEM,0.0
2025-11-02,ARVOREDO,0.0
2025-11-02,CAÇADOR,1.349436610215235
2025-11-02,JOAÇABA,3.3360021350413662
2025-11-02,JARDINÓPOLIS,0.0
2025-11-02,CELSO RAMOS,0.0
2025-11-02,JARAGUÁ DO SUL,7.242478169101519
2025-11-02,SANTA CECÍLIA,0.0
2025-11-02,CHAPECÓ,28.26995819231535
2025-11-02,JAGUARUNA,0.0
2025-11-02,JABORÁ,0.0
2025-11-02,SANGÃO,0.0
2025-11-02,LUIZ ALVES,0.0
2025-11-02,BALNEÁRIO RINCÃO,0.0
2025-11-02,LUZERNA,0.0
2025-11-02,PAIAL,51.78663904712584
2025-11-02,OURO VERDE,0.0
2025-11-02,ARAQUARI,6.598917777484493
2025-11-02,CAIBI,0.0
2025-11-02,OURO,0.0
2025-11-02,VITOR MEIRELES,0.0
2025-11-02,ORLEANS,0.0
2025-11-02,CAMBORIÚ,1.7830556224201413
2025-11-02,NOVO HORIZONTE,0.0
2025-11-02,NOVA VENEZA,0.0
2025-11-02,NOVA TRENTO,0.0
2025-11-02,CAMPO ALEGRE,0.0
2025-11-02,NOVA ITABERABA,0.0
2025-11-02,NOVA ERECHIM,0.0
2025-11-02,IÇARA,0.0
2025-11-02,RIO DO CAMPO,0.0
2025-11-02,NAVEGANTES,3.383903897129321
2025-11-02,CAMPOS NOVOS,0.0
2025-11-02,MORRO DA FUMAÇA,0.0
2025-11-02,MONDAÍ,0.0
2025-11-02,ARARANGUÁ,0.0
2025-11-02,MODELO,0.0
2025-11-02,CANELINHA,7.837604827964574
2025-11-02,MASSARANDUBA,0.0
2025-11-02,MAREMA,0.0
2025-11-02,MARAVILHA,0.0
2025-11-02,MARACAJÁ,0.0
2025-11-02,MAJOR GERCINO,0.0
2025-11-02,CANOINHAS,0.0
2025-11-02,MAFRA,0.0
2025-11-02,CAMPO ERÊ,0.0
2025-11-02,BRUSQUE,0.0
2025-11-02,ITÁ,0.0
2025-11-02,COCAL DO SUL,0.0
2025-11-02,CUNHATAÍ,0.0
2025-11-02,HERVAL D'OESTE,0.0
2025-11-02,GUATAMBÚ,0.0
2025-11-02,BALNEÁRIO BARRA DO SUL,0.0
2025-11-02,GUARUJÁ DO SUL,0.0
2025-11-02,GUARAMIRIM,6.451335426433272
2025-11-02,CURITIBANOS,0.0
2025-11-02,TIMBÉ DO SUL,0.0
2025-11-02,GUARACIABA,0.0
2025-11-02,GUABIRUBA,0.0
2025-11-02,DESCANSO,0.0
2025-11-02,GRAVATAL,0.0
2025-11-02,BALNEÁRIO GAIVOTA,0.0
2025-11-02,GOVERNADOR CELSO RAMOS,0.0
2025-11-02,GASPAR,0.0
2025-11-02,DIONÍSIO CERQUEIRA,0.0
2025-11-02,GARUVA,5.348451623255068
2025-11-02,GAROPABA,0.0
2025-11-02,DOUTOR PEDRINHO,0.0
2025-11-02,GALVÃO,0.0
2025-11-02,BALNEÁRIO CAMBORIÚ,6.426918792310549
2025-11-02,FRAIBURGO,0.0
2025-11-02,ENTRE RIOS,0.0
2025-11-02,FORQUILHINHA,0.0
2025-11-02,FORMOSA DO SUL,0.0
2025-11-02,TREVISO,0.0
2025-11-02,FLORIANÓPOLIS,7.140369209334726
2025-11-02,FLOR DO SERTÃO,0.0
2025-11-02,ERVAL VELHO,0.0
2025-11-02,IBICARÉ,0.0
2025-11-02,IBIRAMA,0.0
2025-11-02,CUNHA PORÃ,0.0
2025-11-02,ILHOTA,0.0
2025-11-02,ITAPOÁ,13.016172594448603
2025-11-02,ITAPIRANGA,0.0
2025-11-02,ASCURRA,0.0
2025-11-02,SÃO JOAQUIM,0.0
2025-11-02,ITAPEMA,2.623054021797579
2025-11-02,CONCÓRDIA,0.0
2025-11-02,ITAJAÍ,27.81889555550213
2025-11-02,BALNEÁRIO PIÇARRAS,3.5489938602406217
2025-11-02,CORDILHEIRA ALTA,0.0
2025-11-02,IRINEÓPOLIS,0.0
2025-11-02,IRATI,0.0
2025-11-02,IRANI,0.0
2025-11-02,CORONEL FREITAS,0.0
2025-11-02,IRACEMINHA,0.0
2025-11-02,ITUPORANGA,0.0
2025-11-02,IPUMIRIM,0.0
2025-11-02,IPUAÇU,0.0
2025-11-02,IPORÃ DO OESTE,0.0
2025-11-02,IPIRA,0.0
2025-11-02,AURORA,0.0
2025-11-02,CORREIA PINTO,0.0
2025-11-02,IOMERÊ,0.0
2025-11-02,SÃO MARTINHO,0.0
2025-11-02,INDAIAL,1.401168574591209
2025-11-02,CORUPÁ,6.541505854647739
2025-11-02,IMBUIA,0.0
2025-11-02,CRICIÚMA,0.0
2025-11-02,IMBITUBA,0.0
2025-11-02,IMARUÍ,8.109642364771714
2025-11-02,TURVO,0.0
2025-11-02,CORONEL MARTINS,0.0
2025-11-02,PALHOÇA,1.267759193367084
2025-11-02,FAXINAL DOS GUEDES,0.0
2025-11-02,RIQUEZA,0.0
2025-11-02,QUILOMBO,0.0
2025-11-02,PARAÍSO,0.0
2025-11-02,BOTUVERÁ,0.0
2025-11-02,PIRATUBA,0.0
2025-11-02,PASSO DE TORRES,0.0
2025-11-02,ARABUTÃ,0.0
2025-11-02,MACIEIRA,56.24296962879641
2025-11-02,PASSOS MAIA,0.0
2025-11-02,PRINCESA,0.0
2025-11-02,BENEDITO NOVO,0.0
2025-11-02,RIO DOS CEDROS,0.0
2025-11-02,BANDEIRANTE,0.0
2025-11-02,PORTO UNIÃO,0.0
2025-11-02,RIO DO SUL,0.0
2025-11-02,PINHALZINHO,4.6522447080716445
2025-11-02,PRESIDENTE NEREU,0.0
2025-11-02,BOM JESUS DO OESTE,0.0
2025-11-02,BLUMENAU,6.880607695271646
2025-11-02,PAULO LOPES,0.0
2025-11-02,POUSO REDONDO,0.0
2025-11-02,BIGUAÇU,8.903247141421721
2025-11-02,PRESIDENTE GETÚLIO,0.0
2025-11-02,BOMBINHAS,12.2870249017038
2025-11-02,BARRA VELHA,2.1913965770385464
2025-11-02,APIÚNA,0.0
2025-11-02,PENHA,5.9880239520958085
2025-11-02,PERITIBA,0.0
2025-11-02,PONTE SERRADA,0.0
2025-11-02,BOM JARDIM DA SERRA,0.0
2025-11-02,PORTO BELO,3.6067229315443985
2025-11-02,RODEIO,0.0
2025-11-02,PLANALTO ALEGRE,0.0
2025-11-02,RIO DAS ANTAS,0.0
2025-11-02,RANCHO QUEIMADO,0.0
2025-11-02,BELMONTE,0.0
2025-11-02,RIO NEGRINHO,0.0
2025-11-02,PINHEIRO PRETO,0.0
2025-11-02,PALMITOS,0.0
2025-11-02,PRESIDENTE CASTELLO BRANCO,0.0
2025-11-02,BOM JESUS,0.0
2025-11-02,BRAÇO DO NORTE,0.0
2025-11-02,ANTÔNIO CARLOS,0.0
2025-11-02,POMERODE,0.0
2025-11-02,PAPANDUVA,0.0
2025-11-02,PONTE ALTA,0.0
2025-11-02,PALMA SOLA,0.0
2025-11-02,RIO DO OESTE,0.0
2025-11-09,POUSO REDONDO,0.0
2025-11-09,TAIÓ,0.0
2025-11-09,PORTO UNIÃO,0.0
2025-11-09,ASCURRA,11.893434823977165
2025-11-09,IRATI,48.33252779120348
2025-11-09,SÃO JOAQUIM,0.0
2025-11-09,ÁGUAS MORNAS,0.0
2025-11-09,CONCÓRDIA,0.0
2025-11-09,ITAJAÍ,50.142700630905075
2025-11-09,ÁGUAS DE CHAPECÓ,0.0
2025-11-09,JARDINÓPOLIS,0.0
2025-11-09,GASPAR,0.0
2025-11-09,APIÚNA,0.0
2025-11-09,ALTO BELA VISTA,0.0
2025-11-09,SANTA TEREZINHA DO PROGRESSO,0.0
2025-11-09,IRINEÓPOLIS,0.0
2025-11-09,TANGARÁ,0.0
2025-11-09,XAVANTINA,0.0
2025-11-09,CAÇADOR,0.0
2025-11-09,CORDILHEIRA ALTA,0.0
2025-11-09,PONTE ALTA,0.0
2025-11-09,BALNEÁRIO PIÇARRAS,3.5489938602406217
2025-11-09,ITAPEMA,1.3115270108987895
2025-11-09,CHAPECÓ,26.27911606609596
2025-11-09,JABORÁ,0.0
2025-11-09,RIO DAS ANTAS,0.0
2025-11-09,IÇARA,0.0
2025-11-09,GAROPABA,0.0
2025-11-09,SÃO MIGUEL DO OESTE,0.0
2025-11-09,SÃO MIGUEL DA BOA VISTA,0.0
2025-11-09,DIONÍSIO CERQUEIRA,0.0
2025-11-09,PONTE SERRADA,0.0
2025-11-09,ITÁ,0.0
2025-11-09,GARUVA,0.0
2025-11-09,ÁGUAS FRIAS,0.0
2025-11-09,POMERODE,2.8819274330672355
2025-11-09,ITUPORANGA,0.0
2025-11-09,BLUMENAU,9.082402157758573
2025-11-09,ITAPOÁ,9.762129445836452
2025-11-09,SÃO PEDRO DE ALCÂNTARA,0.0
2025-11-09,COCAL DO SUL,0.0
2025-11-09,SANTA TEREZINHA,0.0
2025-11-09,RIO DOS CEDROS,9.192021325489476
2025-11-09,JARAGUÁ DO SUL,10.346397384430741
2025-11-09,ITAPIRANGA,0.0
2025-11-09,PORTO BELO,7.213445863088797
2025-11-09,ERMO,0.0
2025-11-09,JAGUARUNA,0.0
2025-11-09,CELSO RAMOS,0.0
2025-11-09,BOM JARDIM DA SERRA,0.0
2025-11-09,URUSSANGA,0.0
2025-11-09,RODEIO,0.0
2025-11-09,SANTA HELENA,0.0
2025-11-09,TROMBUDO CENTRAL,0.0
2025-11-09,ZORTÉA,0.0
2025-11-09,CRICIÚMA,0.0
2025-11-09,ALFREDO WAGNER,0.0
2025-11-09,BALNEÁRIO GAIVOTA,0.0
2025-11-09,IMARUÍ,0.0
2025-11-09,QUILOMBO,0.0
2025-11-09,ILHOTA,14.764506127270044
2025-11-09,GRÃO-PARÁ,0.0
2025-11-09,URUBICI,0.0
2025-11-09,TUBARÃO,0.0
2025-11-09,CUNHA PORÃ,0.0
2025-11-09,IBIRAMA,0.0
2025-11-09,BELMONTE,0.0
2025-11-09,GUABIRUBA,0.0
2025-11-09,IBICARÉ,0.0
2025-11-09,SALTINHO,0.0
2025-11-09,MACIEIRA,0.0
2025-11-09,RIO DO OESTE,0.0
2025-11-09,UNIÃO DO OESTE,0.0
2025-11-09,GUARAMIRIM,6.451335426433272
2025-11-09,XAXIM,9.486166007905139
2025-11-09,BALNEÁRIO BARRA DO SUL,0.0
2025-11-09,BARRA VELHA,6.5741897311156405
2025-11-09,GUARUJÁ DO SUL,0.0
2025-11-09,RANCHO QUEIMADO,0.0
2025-11-09,GUATAMBÚ,0.0
2025-11-09,TUNÁPOLIS,0.0
2025-11-09,CUNHATAÍ,0.0
2025-11-09,HERVAL D'OESTE,0.0
2025-11-09,PINHEIRO PRETO,0.0
2025-11-09,TIMBÉ DO SUL,0.0
2025-11-09,IMBITUBA,0.0
2025-11-09,SALETE,0.0
2025-11-09,PRINCESA,0.0
2025-11-09,ÁGUA DOCE,0.0
2025-11-09,IPORÃ DO OESTE,0.0
2025-11-09,RIO DO SUL,0.0
2025-11-09,GOVERNADOR CELSO RAMOS,0.0
2025-11-09,TIJUCAS,2.021263694061527
2025-11-09,CORONEL MARTINS,0.0
2025-11-09,IPIRA,0.0
2025-11-09,SÃO LUDGERO,0.0
2025-11-09,PRESIDENTE GETÚLIO,0.0
2025-11-09,IPUMIRIM,0.0
2025-11-09,IRACEMINHA,0.0
2025-11-09,CORONEL FREITAS,0.0
2025-11-09,TIGRINHOS,0.0
2025-11-09,BIGUAÇU,21.62217162916704
2025-11-09,IPUAÇU,0.0
2025-11-09,IRANI,0.0
2025-11-09,PRESIDENTE NEREU,0.0
2025-11-09,IOMERÊ,0.0
2025-11-09,IMBUIA,0.0
2025-11-09,TURVO,0.0
2025-11-09,DESCANSO,0.0
2025-11-09,MONTE CARLO,0.0
2025-11-09,CORUPÁ,6.541505854647739
2025-11-09,TREZE TÍLIAS,0.0
2025-11-09,PETROLÂNDIA,0.0
2025-11-09,SÃO MARTINHO,0.0
2025-11-09,GRAVATAL,0.0
2025-11-09,SALTO VELOSO,0.0
2025-11-09,AURORA,0.0
2025-11-09,BENEDITO NOVO,0.0
2025-11-09,CORREIA PINTO,0.0
2025-11-09,TIMBÓ,0.0
2025-11-09,INDAIAL,2.802337149182418
2025-11-09,VARGEM BONITA,0.0
2025-11-09,SÃO LOURENÇO DO OESTE,0.0
2025-11-09,PAULO LOPES,0.0
2025-11-09,PASSOS MAIA,0.0
2025-11-09,BALNEÁRIO ARROIO DO SILVA,0.0
2025-11-09,SÃO BONIFÁCIO,0.0
2025-11-09,MONDAÍ,0.0
2025-11-09,XANXERÊ,1.960861210243539
2025-11-09,MAJOR VIEIRA,0.0
2025-11-09,ANCHIETA,0.0
2025-11-09,MORRO DA FUMAÇA,0.0
2025-11-09,RIO DO CAMPO,0.0
2025-11-09,PASSO DE TORRES,0.0
2025-11-09,CAMPO ERÊ,0.0
2025-11-09,SÃO BERNARDINO,0.0
2025-11-09,NAVEGANTES,0.0
2025-11-09,CHAPADÃO DO LAGEADO,0.0
2025-11-09,ENTRE RIOS,0.0
2025-11-09,PARAÍSO,0.0
2025-11-09,CAMPOS NOVOS,0.0
2025-11-09,MODELO,0.0
2025-11-09,ARVOREDO,0.0
2025-11-09,SÃO DOMINGOS,0.0
2025-11-09,MARAVILHA,0.0
2025-11-09,ABDON BATISTA,0.0
2025-11-09,MAREMA,0.0
2025-11-09,BALNEÁRIO RINCÃO,0.0
2025-11-09,VIDAL RAMOS,0.0
2025-11-09,RIQUEZA,0.0
2025-11-09,SAUDADES,0.0
2025-11-09,MASSARANDUBA,0.0
2025-11-09,BOMBINHAS,8.191349934469201
2025-11-09,SÃO CARLOS,0.0
2025-11-09,ARARANGUÁ,0.0
2025-11-09,FLORIANÓPOLIS,5.39881574364333
2025-11-09,CANELINHA,7.837604827964574
2025-11-09,FORMOSA DO SUL,0.0
2025-11-09,NOVA ERECHIM,0.0
2025-11-09,SCHROEDER,0.0
2025-11-09,VITOR MEIRELES,0.0
2025-11-09,ARAQUARI,13.197835554968986
2025-11-09,SEARA,0.0
2025-11-09,OURO VERDE,0.0
2025-11-09,ERVAL VELHO,0.0
2025-11-09,BRUSQUE,0.0
2025-11-09,SOMBRIO,0.0
2025-11-09,BRAÇO DO NORTE,0.0
2025-11-09,FAXINAL DOS GUEDES,0.0
2025-11-09,SERRA ALTA,0.0
2025-11-09,PAIAL,0.0
2025-11-09,PALMA SOLA,0.0
2025-11-09,VIDEIRA,5.364710931492641
2025-11-09,PALHOÇA,1.267759193367084
2025-11-09,BRAÇO DO TROMBUDO,0.0
2025-11-09,TREVISO,0.0
2025-11-09,CAIBI,0.0
2025-11-09,PALMITOS,0.0
2025-11-09,NOVA ITABERABA,0.0
2025-11-09,CAMPO ALEGRE,0.0
2025-11-09,SÃO BENTO DO SUL,0.0
2025-11-09,NOVA TRENTO,0.0
2025-11-09,BOTUVERÁ,0.0
2025-11-09,NOVA VENEZA,0.0
2025-11-09,OURO,0.0
2025-11-09,BOM RETIRO,0.0
2025-11-09,NOVO HORIZONTE,0.0
2025-11-09,OTACÍLIO COSTA,0.0
2025-11-09,FLOR DO SERTÃO,0.0
2025-11-09,SUL BRASIL,0.0
2025-11-09,CAMBORIÚ,0.8915278112100706
2025-11-09,ORLEANS,0.0
2025-11-09,PAPANDUVA,0.0
2025-11-09,MARACAJÁ,0.0
2025-11-09,GUARACIABA,0.0
2025-11-09,MAJOR GERCINO,0.0
2025-11-09,LAGES,0.0
2025-11-09,BARRA BONITA,0.0
2025-11-09,AGROLÂNDIA,0.0
2025-11-09,DOUTOR PEDRINHO,0.0
2025-11-09,SÃO JOÃO DO ITAPERIÚ,0.0
2025-11-09,LAGUNA,0.0
2025-11-09,SANTIAGO DO SUL,0.0
2025-11-09,FRAIBURGO,0.0
2025-11-09,LAJEADO GRANDE,0.0
2025-11-09,ANITA GARIBALDI,0.0
2025-11-09,DONA EMMA,0.0
2025-11-09,LAURENTINO,0.0
2025-11-09,ROMELÂNDIA,0.0
2025-11-09,ARMAZÉM,0.0
2025-11-09,ANITÁPOLIS,0.0
2025-11-09,CATANDUVAS,0.0
2025-11-09,LACERDÓPOLIS,0.0
2025-11-09,PIRATUBA,0.0
2025-11-09,JOAÇABA,3.3360021350413662
2025-11-09,SIDERÓPOLIS,0.0
2025-11-09,BOM JESUS,0.0
2025-11-09,CURITIBANOS,0.0
2025-11-09,JOINVILLE,27.02357199840124
2025-11-09,CAXAMBU DO SUL,0.0
2025-11-09,PLANALTO ALEGRE,0.0
2025-11-09,JOSÉ BOITEUX,0.0
2025-11-09,PRESIDENTE CASTELLO BRANCO,0.0
2025-11-09,GALVÃO,0.0
2025-11-09,JUPIÁ,0.0
2025-11-09,MORRO GRANDE,0.0
2025-11-09,VARGEM,0.0
2025-11-09,SÃO JOÃO DO OESTE,0.0
2025-11-09,RIO NEGRINHO,0.0
2025-11-09,BALNEÁRIO CAMBORIÚ,8.569225056414066
2025-11-09,SÃO JOÃO BATISTA,0.0
2025-11-09,CAPÃO ALTO,0.0
2025-11-09,CAPINZAL,0.0
2025-11-09,BANDEIRANTE,0.0
2025-11-09,LUIZ ALVES,0.0
2025-11-09,ABELARDO LUZ,0.0
2025-11-09,SANTO AMARO DA IMPERATRIZ,0.0
2025-11-09,PENHA,0.0
2025-11-09,CANOINHAS,0.0
2025-11-09,SÃO JOSÉ,3.8272983796610407
2025-11-09,SANTA CECÍLIA,0.0
2025-11-09,LONTRAS,0.0
2025-11-09,PERITIBA,0.0
2025-11-09,BOM JESUS DO OESTE,0.0
2025-11-09,SANGÃO,0.0
2025-11-09,LUZERNA,0.0
2025-11-09,ANTÔNIO CARLOS,0.0
2025-11-09,ARROIO TRINTA,0.0
2025-11-09,VARGEÃO,0.0
2025-11-09,LAURO MÜLLER,0.0
2025-11-09,ARABUTÃ,0.0
2025-11-09,CAPIVARI DE BAIXO,0.0
2025-11-09,PINHALZINHO,0.0
2025-11-09,LINDÓIA DO SUL,0.0
2025-11-09,LEOBERTO LEAL,0.0
2025-11-09,MAFRA,0.0
2025-11-09,JACINTO MACHADO,0.0
2025-11-09,SÃO JOSÉ DO CEDRO,0.0
2025-11-09,FORQUILHINHA,0.0
2025-11-09,SÃO FRANCISCO DO SUL,3.8147554741741057
2025-11-09,AGRONÔMICA,0.0
2025-11-09,MIRIM DOCE,0.0
2025-11-16,BARRA VELHA,0.0
2025-11-16,BARRA BONITA,0.0
2025-11-16,DOUTOR PEDRINHO,0.0
2025-11-16,CURITIBANOS,0.0
2025-11-16,DESCANSO,0.0
2025-11-16,XANXERÊ,0.0
2025-11-16,MACIEIRA,0.0
2025-11-16,ENTRE RIOS,0.0
2025-11-16,JACINTO MACHADO,0.0
2025-11-16,XAVANTINA,0.0
2025-11-16,DIONÍSIO CERQUEIRA,0.0
2025-11-16,BRAÇO DO NORTE,0.0
2025-11-16,XAXIM,0.0
2025-11-16,VARGEM,0.0
2025-11-16,CAPÃO ALTO,0.0
2025-11-16,BANDEIRANTE,0.0
2025-11-16,CAPIVARI DE BAIXO,0.0
2025-11-16,ERVAL VELHO,0.0
2025-11-16,AGRONÔMICA,0.0
2025-11-16,ABDON BATISTA,0.0
2025-11-16,CAPINZAL,0.0
2025-11-16,BOM JESUS DO OESTE,0.0
2025-11-16,CANOINHAS,0.0
2025-11-16,ARMAZÉM,0.0
2025-11-16,MAJOR VIEIRA,0.0
2025-11-16,CANELINHA,0.0
2025-11-16,BALNEÁRIO RINCÃO,0.0
2025-11-16,BOMBINHAS,16.382699868938403
2025-11-16,CAMPOS NOVOS,0.0
2025-11-16,BALNEÁRIO ARROIO DO SILVA,0.0
2025-11-16,CHAPADÃO DO LAGEADO,0.0
2025-11-16,CAMPO ERÊ,0.0
2025-11-16,CAMPO ALEGRE,0.0
2025-11-16,CAMBORIÚ,1.7830556224201413
2025-11-16,BOM RETIRO,0.0
2025-11-16,BOTUVERÁ,0.0
2025-11-16,CAIBI,0.0
2025-11-16,BRUSQUE,0.0
2025-11-16,BRAÇO DO TROMBUDO,0.0
2025-11-16,VITOR MEIRELES,0.0
2025-11-16,AGROLÂNDIA,0.0
2025-11-16,BALNEÁRIO GAIVOTA,0.0
2025-11-16,DONA EMMA,0.0
2025-11-16,BOM JESUS,0.0
2025-11-16,CUNHATAÍ,0.0
2025-11-16,CUNHA PORÃ,0.0
2025-11-16,GRÃO-PARÁ,0.0
2025-11-16,CRICIÚMA,0.0
2025-11-16,BELMONTE,0.0
2025-11-16,ZORTÉA,0.0
2025-11-16,CORUPÁ,6.541505854647739
2025-11-16,TURVO,0.0
2025-11-16,CORREIA PINTO,0.0
2025-11-16,BENEDITO NOVO,0.0
2025-11-16,ÁGUA DOCE,0.0
2025-11-16,CORONEL MARTINS,0.0
2025-11-16,CORONEL FREITAS,0.0
2025-11-16,CORDILHEIRA ALTA,0.0
2025-11-16,BIGUAÇU,5.087569795098127
2025-11-16,ÁGUAS DE CHAPECÓ,34.05994550408719
2025-11-16,CONCÓRDIA,0.0
2025-11-16,ERMO,0.0
2025-11-16,COCAL DO SUL,0.0
2025-11-16,BLUMENAU,5.779710464028183
2025-11-16,ÁGUAS FRIAS,0.0
2025-11-16,BALNEÁRIO PIÇARRAS,10.646981580721866
2025-11-16,CELSO RAMOS,0.0
2025-11-16,CAÇADOR,0.0
2025-11-16,ÁGUAS MORNAS,0.0
2025-11-16,BOM JARDIM DA SERRA,0.0
2025-11-16,CAXAMBU DO SUL,0.0
2025-11-16,CATANDUVAS,0.0
2025-11-16,CHAPECÓ,7.5652000796336845
2025-11-16,MASSARANDUBA,0.0
2025-11-16,MIRIM DOCE,0.0
2025-11-16,RIO DO CAMPO,0.0
2025-11-16,MORRO DA FUMAÇA,0.0
2025-11-16,ANCHIETA,0.0
2025-11-16,SÃO BERNARDINO,0.0
2025-11-16,NAVEGANTES,2.2559359314195477
2025-11-16,NOVA ERECHIM,0.0
2025-11-16,NOVA ITABERABA,0.0
2025-11-16,SÃO BENTO DO SUL,0.0
2025-11-16,NOVA TRENTO,0.0
2025-11-16,MONDAÍ,0.0
2025-11-16,NOVA VENEZA,0.0
2025-11-16,NOVO HORIZONTE,0.0
2025-11-16,ORLEANS,0.0
2025-11-16,ARAQUARI,8.79855703664599
2025-11-16,OTACÍLIO COSTA,0.0
2025-11-16,SOMBRIO,0.0
2025-11-16,OURO,0.0
2025-11-16,OURO VERDE,0.0
2025-11-16,SERRA ALTA,0.0
2025-11-16,PAIAL,0.0
2025-11-16,SUL BRASIL,0.0
2025-11-16,SÃO BONIFÁCIO,0.0
2025-11-16,MODELO,0.0
2025-11-16,ANITA GARIBALDI,0.0
2025-11-16,SÃO JOÃO BATISTA,0.0
2025-11-16,ARROIO TRINTA,0.0
2025-11-16,ABELARDO LUZ,0.0
2025-11-16,LEOBERTO LEAL,0.0
2025-11-16,SÃO JOSÉ DO CEDRO,0.0
2025-11-16,SANGÃO,0.0
2025-11-16,LINDÓIA DO SUL,0.0
2025-11-16,SÃO JOSÉ,4.5231708123266845
2025-11-16,LONTRAS,0.0
2025-11-16,LUIZ ALVES,0.0
2025-11-16,LUZERNA,0.0
2025-11-16,SÃO FRANCISCO DO SUL,7.629510948348211
2025-11-16,MAFRA,0.0
2025-11-16,MAJOR GERCINO,0.0
2025-11-16,MARACAJÁ,0.0
2025-11-16,SÃO DOMINGOS,0.0
2025-11-16,MARAVILHA,0.0
2025-11-16,MAREMA,0.0
2025-11-16,SANTA CECÍLIA,0.0
2025-11-16,ARARANGUÁ,0.0
2025-11-16,SÃO CARLOS,0.0
2025-11-16,RIO DAS ANTAS,0.0
2025-11-16,LAURENTINO,0.0
2025-11-16,PALHOÇA,0.42258639778902796
2025-11-16,PALMA SOLA,0.0
2025-11-16,PORTO UNIÃO,0.0
2025-11-16,SANTA HELENA,0.0
2025-11-16,POUSO REDONDO,0.0
2025-11-16,PRESIDENTE GETÚLIO,0.0
2025-11-16,PRESIDENTE NEREU,0.0
2025-11-16,SALTO VELOSO,0.0
2025-11-16,PRINCESA,0.0
2025-11-16,PINHEIRO PRETO,0.0
2025-11-16,QUILOMBO,0.0
2025-11-16,APIÚNA,0.0
2025-11-16,PETROLÂNDIA,0.0
2025-11-16,RANCHO QUEIMADO,0.0
2025-11-16,RIO DO OESTE,0.0
2025-11-16,SALETE,0.0
2025-11-16,RIO DO SUL,0.0
2025-11-16,RIO DOS CEDROS,0.0
2025-11-16,ANTÔNIO CARLOS,0.0
2025-11-16,ROMELÂNDIA,0.0
2025-11-16,RIO NEGRINHO,0.0
2025-11-16,RIQUEZA,0.0
2025-11-16,SALTINHO,0.0
2025-11-16,PORTO BELO,7.213445863088797
2025-11-16,SANTA TEREZINHA,0.0
2025-11-16,PONTE SERRADA,0.0
2025-11-16,PALMITOS,0.0
2025-11-16,PAPANDUVA,0.0
2025-11-16,SCHROEDER,0.0
2025-11-16,PARAÍSO,0.0
2025-11-16,PASSO DE TORRES,0.0
2025-11-16,PASSOS MAIA,0.0
2025-11-16,ARABUTÃ,0.0
2025-11-16,SAUDADES,19.470404984423677
2025-11-16,PAULO LOPES,0.0
2025-11-16,PENHA,8.982035928143713
2025-11-16,SANTO AMARO DA IMPERATRIZ,0.0
2025-11-16,PERITIBA,0.0
2025-11-16,PINHALZINHO,13.956734124214934
2025-11-16,PRESIDENTE CASTELLO BRANCO,0.0
2025-11-16,SANTIAGO DO SUL,0.0
2025-11-16,PIRATUBA,0.0
2025-11-16,PLANALTO ALEGRE,0.0
2025-11-16,ANITÁPOLIS,0.0
2025-11-16,SANTA TEREZINHA DO PROGRESSO,0.0
2025-11-16,POMERODE,0.0
2025-11-16,PONTE ALTA,0.0
2025-11-16,SEARA,0.0
2025-11-16,LAJEADO GRANDE,0.0
2025-11-16,LAURO MÜLLER,0.0
2025-11-16,SÃO JOÃO DO ITAPERIÚ,0.0
2025-11-16,GUARAMIRIM,4.3008902842888475
2025-11-16,GUARUJÁ DO SUL,0.0
2025-11-16,TUNÁPOLIS,0.0
2025-11-16,GUATAMBÚ,0.0
2025-11-16,HERVAL D'OESTE,0.0
2025-11-16,IBICARÉ,0.0
2025-11-16,TUBARÃO,0.0
2025-11-16,IBIRAMA,0.0
2025-11-16,ILHOTA,0.0
2025-11-16,UNIÃO DO OESTE,0.0
2025-11-16,IMARUÍ,0.0
2025-11-16,IMBITUBA,0.0
2025-11-16,SÃO MARTINHO,0.0
2025-11-16,IMBUIA,0.0
2025-11-16,ALFREDO WAGNER,0.0
2025-11-16,TREZE TÍLIAS,0.0
2025-11-16,AURORA,0.0
2025-11-16,INDAIAL,0.0
2025-11-16,MONTE CARLO,0.0
2025-11-16,LAGUNA,0.0
2025-11-16,TROMBUDO CENTRAL,0.0
2025-11-16,BALNEÁRIO BARRA DO SUL,0.0
2025-11-16,GUARACIABA,0.0
2025-11-16,GUABIRUBA,0.0
2025-11-16,VIDEIRA,0.0
2025-11-16,FAXINAL DOS GUEDES,0.0
2025-11-16,TREVISO,0.0
2025-11-16,FLOR DO SERTÃO,0.0
2025-11-16,VIDAL RAMOS,0.0
2025-11-16,FLORIANÓPOLIS,10.1010101010101
2025-11-16,FORMOSA DO SUL,0.0
2025-11-16,BALNEÁRIO CAMBORIÚ,0.7141020880345055
2025-11-16,VARGEÃO,0.0
2025-11-16,FORQUILHINHA,0.0
2025-11-16,FRAIBURGO,0.0
2025-11-16,GALVÃO,0.0
2025-11-16,VARGEM BONITA,0.0
2025-11-16,GAROPABA,0.0
2025-11-16,GARUVA,0.0
2025-11-16,GASPAR,0.0
2025-11-16,URUSSANGA,0.0
2025-11-16,GOVERNADOR CELSO RAMOS,0.0
2025-11-16,GRAVATAL,0.0
2025-11-16,TIMBÉ DO SUL,0.0
2025-11-16,URUBICI,0.0
2025-11-16,IOMERÊ,0.0
2025-11-16,IPIRA,0.0
2025-11-16,TIMBÓ,0.0
2025-11-16,LACERDÓPOLIS,0.0
2025-11-16,ITAPOÁ,6.508086297224302
2025-11-16,ITUPORANGA,0.0
2025-11-16,ITÁ,0.0
2025-11-16,SÃO MIGUEL DO OESTE,0.0
2025-11-16,TIJUCAS,2.021263694061527
2025-11-16,IÇARA,0.0
2025-11-16,JABORÁ,0.0
2025-11-16,JAGUARUNA,0.0
2025-11-16,SÃO MIGUEL DA BOA VISTA,0.0
2025-11-16,JARAGUÁ DO SUL,0.517319869221537
2025-11-16,JUPIÁ,0.0
2025-11-16,ARVOREDO,0.0
2025-11-16,JARDINÓPOLIS,0.0
2025-11-16,SÃO LUDGERO,0.0
2025-11-16,SIDERÓPOLIS,0.0
2025-11-16,JOAÇABA,0.0
2025-11-16,ALTO BELA VISTA,0.0
2025-11-16,SÃO JOÃO DO OESTE,0.0
2025-11-16,SÃO LOURENÇO DO OESTE,0.0
2025-11-16,SÃO PEDRO DE ALCÂNTARA,0.0
2025-11-16,JOINVILLE,0.9709067783856734
2025-11-16,JOSÉ BOITEUX,0.0
2025-11-16,ITAPEMA,0.0
2025-11-16,IPUMIRIM,0.0
2025-11-16,LAGES,0.0
2025-11-16,TIGRINHOS,0.0
2025-11-16,IRACEMINHA,0.0
2025-11-16,ITAPIRANGA,0.0
2025-11-16,IRANI,0.0
2025-11-16,IRATI,0.0
2025-11-16,IPUAÇU,0.0
2025-11-16,RODEIO,0.0
2025-11-16,IRINEÓPOLIS,0.0
2025-11-16,SÃO JOAQUIM,0.0
2025-11-16,MORRO GRANDE,0.0
2025-11-16,ASCURRA,0.0
2025-11-16,ITAJAÍ,5.838533635105386
2025-11-16,TAIÓ,0.0
2025-11-16,TANGARÁ,0.0
2025-11-16,IPORÃ DO OESTE,0.0
2025-11-23,MORRO GRANDE,0.0
2025-11-23,TREVISO,0.0
2025-11-23,VARGEM,0.0
2025-11-23,MIRIM DOCE,0.0
2025-11-23,PETROLÂNDIA,0.0
2025-11-23,SANGÃO,0.0
2025-11-23,TURVO,0.0
2025-11-23,MACIEIRA,0.0
2025-11-23,PINHEIRO PRETO,0.0
2025-11-23,TIMBÉ DO SUL,0.0
2025-11-23,SIDERÓPOLIS,0.0
2025-11-23,RIO DO CAMPO,0.0
2025-11-23,PRESIDENTE CASTELLO BRANCO,0.0
2025-11-23,SÃO MARTINHO,0.0
2025-11-23,VITOR MEIRELES,0.0
2025-11-23,SANTA CECÍLIA,0.0
2025-11-23,OTACÍLIO COSTA,0.0
2025-11-23,RIO DAS ANTAS,0.0
2025-11-23,MONTE CARLO,0.0
2025-11-23,MAJOR VIEIRA,0.0
2025-11-23,SÃO JOAQUIM,0.0
2025-11-23,MASSARANDUBA,0.0
2025-11-23,GRÃO-PARÁ,0.0
2025-11-23,ILHOTA,0.0
2025-11-23,IBIRAMA,0.0
2025-11-23,IBICARÉ,0.0
2025-11-23,HERVAL D'OESTE,0.0
2025-11-23,GUATAMBÚ,0.0
2025-11-23,GUARUJÁ DO SUL,0.0
2025-11-23,GUARAMIRIM,2.1504451421444237
2025-11-23,GUARACIABA,8.965393580778196
2025-11-23,GUABIRUBA,4.068679306697046
2025-11-23,GRAVATAL,0.0
2025-11-23,GOVERNADOR CELSO RAMOS,0.0
2025-11-23,GASPAR,0.0
2025-11-23,IMARUÍ,0.0
2025-11-23,GARUVA,0.0
2025-11-23,GALVÃO,0.0
2025-11-23,FRAIBURGO,0.0
2025-11-23,FORQUILHINHA,0.0
2025-11-23,FORMOSA DO SUL,0.0
2025-11-23,FLORIANÓPOLIS,7.836990595611286
2025-11-23,FLOR DO SERTÃO,0.0
2025-11-23,FAXINAL DOS GUEDES,0.0
2025-11-23,ERVAL VELHO,0.0
2025-11-23,ENTRE RIOS,0.0
2025-11-23,DOUTOR PEDRINHO,0.0
2025-11-23,DIONÍSIO CERQUEIRA,0.0
2025-11-23,DESCANSO,0.0
2025-11-23,GAROPABA,0.0
2025-11-23,CURITIBANOS,0.0
2025-11-23,IMBITUBA,0.0
2025-11-23,INDAIAL,0.0
2025-11-23,LAGES,0.0
2025-11-23,LACERDÓPOLIS,0.0
2025-11-23,JUPIÁ,0.0
2025-11-23,JOSÉ BOITEUX,0.0
2025-11-23,JOINVILLE,1.1327245747832855
2025-11-23,JOAÇABA,3.3360021350413662
2025-11-23,JARDINÓPOLIS,0.0
2025-11-23,JARAGUÁ DO SUL,7.759798038323055
2025-11-23,JAGUARUNA,0.0
2025-11-23,JABORÁ,0.0
2025-11-23,IÇARA,0.0
2025-11-23,ITÁ,0.0
2025-11-23,IMBUIA,0.0
2025-11-23,ITUPORANGA,0.0
2025-11-23,ITAPIRANGA,0.0
2025-11-23,ITAPEMA,0.0
2025-11-23,ITAJAÍ,9.616408340173576
2025-11-23,IRINEÓPOLIS,0.0
2025-11-23,IRATI,0.0
2025-11-23,IRANI,0.0
2025-11-23,IRACEMINHA,0.0
2025-11-23,IPUMIRIM,0.0
2025-11-23,IPUAÇU,0.0
2025-11-23,IPORÃ DO OESTE,0.0
2025-11-23,IPIRA,0.0
2025-11-23,IOMERÊ,0.0
2025-11-23,ITAPOÁ,16.270215743060753
2025-11-23,LAGUNA,0.0
2025-11-23,CUNHATAÍ,0.0
2025-11-23,CRICIÚMA,0.0
2025-11-23,BIGUAÇU,2.5437848975490636
2025-11-23,BENEDITO NOVO,0.0
2025-11-23,BELMONTE,0.0
2025-11-23,BARRA VELHA,0.0
2025-11-23,BARRA BONITA,0.0
2025-11-23,BANDEIRANTE,0.0
2025-11-23,BALNEÁRIO RINCÃO,0.0
2025-11-23,BALNEÁRIO PIÇARRAS,3.5489938602406217
2025-11-23,BALNEÁRIO GAIVOTA,0.0
2025-11-23,BALNEÁRIO CAMBORIÚ,3.5705104401725274
2025-11-23,BALNEÁRIO BARRA DO SUL,0.0
2025-11-23,AURORA,0.0
2025-11-23,BLUMENAU,5.229261848406451
2025-11-23,ASCURRA,0.0
2025-11-23,ARROIO TRINTA,0.0
2025-11-23,ARARANGUÁ,0.0
2025-11-23,ARAQUARI,8.79855703664599
2025-11-23,ARABUTÃ,0.0
2025-11-23,APIÚNA,0.0
2025-11-23,ANTÔNIO CARLOS,0.0
2025-11-23,ANITÁPOLIS,0.0
2025-11-23,ANCHIETA,0.0
2025-11-23,ALTO BELA VISTA,0.0
2025-11-23,ALFREDO WAGNER,0.0
2025-11-23,ABELARDO LUZ,0.0
2025-11-23,ABDON BATISTA,0.0
2025-11-23,ARVOREDO,0.0
2025-11-23,CUNHA PORÃ,0.0
2025-11-23,BOM JARDIM DA SERRA,0.0
2025-11-23,BOM JESUS DO OESTE,0.0
2025-11-23,CORUPÁ,0.0
2025-11-23,CORREIA PINTO,0.0
2025-11-23,CORONEL MARTINS,0.0
2025-11-23,CORONEL FREITAS,9.70591089973794
2025-11-23,CORDILHEIRA ALTA,0.0
2025-11-23,CONCÓRDIA,0.0
2025-11-23,COCAL DO SUL,0.0
2025-11-23,CHAPECÓ,33.84431614572964
2025-11-23,CELSO RAMOS,0.0
2025-11-23,CAÇADOR,2.69887322043047
2025-11-23,CAXAMBU DO SUL,0.0
2025-11-23,CATANDUVAS,0.0
2025-11-23,BOM JESUS,0.0
2025-11-23,CAPÃO ALTO,0.0
2025-11-23,CAPINZAL,0.0
2025-11-23,CANOINHAS,0.0
2025-11-23,CANELINHA,0.0
2025-11-23,CAMPOS NOVOS,0.0
2025-11-23,CAMPO ERÊ,0.0
2025-11-23,CAMPO ALEGRE,0.0
2025-11-23,CAMBORIÚ,1.7830556224201413
2025-11-23,CAIBI,0.0
2025-11-23,BRUSQUE,0.0
2025-11-23,BRAÇO DO NORTE,0.0
2025-11-23,BOTUVERÁ,0.0
2025-11-23,BOMBINHAS,12.2870249017038
2025-11-23,CAPIVARI DE BAIXO,0.0
2025-11-23,LAJEADO GRANDE,0.0
2025-11-23,LAURENTINO,0.0
2025-11-23,LAURO MÜLLER,0.0
2025-11-23,TIGRINHOS,0.0
2025-11-23,TANGARÁ,0.0
2025-11-23,TAIÓ,0.0
2025-11-23,SÃO PEDRO DE ALCÂNTARA,0.0
2025-11-23,SÃO MIGUEL DO OESTE,6.826559868930051
2025-11-23,SÃO MIGUEL DA BOA VISTA,0.0
2025-11-23,SÃO LUDGERO,0.0
2025-11-23,SÃO LOURENÇO DO OESTE,0.0
2025-11-23,SÃO JOÃO DO OESTE,0.0
2025-11-23,SÃO JOÃO DO ITAPERIÚ,0.0
2025-11-23,SÃO JOÃO BATISTA,0.0
2025-11-23,SÃO JOSÉ DO CEDRO,0.0
2025-11-23,TIJUCAS,0.0
2025-11-23,SÃO JOSÉ,5.219043244992329
2025-11-23,SÃO DOMINGOS,0.0
2025-11-23,SÃO CARLOS,0.0
2025-11-23,SÃO BONIFÁCIO,0.0
2025-11-23,SÃO BERNARDINO,0.0
2025-11-23,SÃO BENTO DO SUL,0.0
2025-11-23,SUL BRASIL,0.0
2025-11-23,SOMBRIO,0.0
2025-11-23,SERRA ALTA,0.0
2025-11-23,SEARA,0.0
2025-11-23,SCHROEDER,0.0
2025-11-23,SAUDADES,9.735202492211839
2025-11-23,SANTO AMARO DA IMPERATRIZ,0.0
2025-11-23,SÃO FRANCISCO DO SUL,5.722133211261158
2025-11-23,SANTIAGO DO SUL,0.0
2025-11-23,TIMBÓ,0.0
2025-11-23,TROMBUDO CENTRAL,0.0
2025-11-23,ERMO,0.0
2025-11-23,DONA EMMA,0.0
2025-11-23,CHAPADÃO DO LAGEADO,0.0
2025-11-23,BRAÇO DO TROMBUDO,0.0
2025-11-23,BOM RETIRO,0.0
2025-11-23,BALNEÁRIO ARROIO DO SILVA,0.0
2025-11-23,ARMAZÉM,0.0
2025-11-23,AGRONÔMICA,0.0
2025-11-23,AGROLÂNDIA,0.0
2025-11-23,ÁGUAS MORNAS,0.0
2025-11-23,ÁGUAS FRIAS,0.0
2025-11-23,ÁGUAS DE CHAPECÓ,17.029972752043594
2025-11-23,TREZE TÍLIAS,0.0
2025-11-23,ÁGUA DOCE,0.0
2025-11-23,XAXIM,0.0
2025-11-23,XAVANTINA,0.0
2025-11-23,XANXERÊ,1.960861210243539
2025-11-23,VIDEIRA,1.7882369771642137
2025-11-23,VIDAL RAMOS,0.0
2025-11-23,VARGEÃO,0.0
2025-11-23,VARGEM BONITA,0.0
2025-11-23,URUSSANGA,0.0
2025-11-23,URUBICI,0.0
2025-11-23,UNIÃO DO OESTE,0.0
2025-11-23,TUNÁPOLIS,0.0
2025-11-23,TUBARÃO,0.0
2025-11-23,ZORTÉA,0.0
2025-11-23,SANTA TEREZINHA DO PROGRESSO,0.0
2025-11-23,SANTA TEREZINHA,0.0
2025-11-23,SANTA HELENA,0.0
2025-11-23,PALMITOS,0.0
2025-11-23,PALMA SOLA,26.31232732535193
2025-11-23,PALHOÇA,1.267759193367084
2025-11-23,PAIAL,51.78663904712584
2025-11-23,OURO VERDE,0.0
2025-11-23,OURO,0.0
2025-11-23,ORLEANS,0.0
2025-11-23,NOVO HORIZONTE,0.0
2025-11-23,NOVA VENEZA,0.0
2025-11-23,NOVA TRENTO,0.0
2025-11-23,NOVA ITABERABA,0.0
2025-11-23,NOVA ERECHIM,0.0
2025-11-23,PAPANDUVA,0.0
2025-11-23,NAVEGANTES,2.2559359314195477
2025-11-23,MONDAÍ,0.0
2025-11-23,MODELO,0.0
2025-11-23,MAREMA,0.0
2025-11-23,MARAVILHA,0.0
2025-11-23,MARACAJÁ,0.0
2025-11-23,MAJOR GERCINO,0.0
2025-11-23,MAFRA,0.0
2025-11-23,LUZERNA,0.0
2025-11-23,LUIZ ALVES,0.0
2025-11-23,LONTRAS,0.0
2025-11-23,LINDÓIA DO SUL,0.0
2025-11-23,LEOBERTO LEAL,0.0
2025-11-23,MORRO DA FUMAÇA,0.0
2025-11-23,PARAÍSO,0.0
2025-11-23,PASSO DE TORRES,0.0
2025-11-23,PASSOS MAIA,0.0
2025-11-23,SALTO VELOSO,0.0
2025-11-23,SALTINHO,0.0
2025-11-23,SALETE,0.0
2025-11-23,ROMELÂNDIA,0.0
2025-11-23,RODEIO,0.0
2025-11-23,RIQUEZA,0.0
2025-11-23,RIO NEGRINHO,0.0
2025-11-23,RIO DOS CEDROS,0.0
2025-11-23,RIO DO SUL,0.0
2025-11-23,RIO DO OESTE,0.0
2025-11-23,RANCHO QUEIMADO,0.0
2025-11-23,QUILOMBO,0.0
2025-11-23,PRINCESA,0.0
2025-11-23,PRESIDENTE NEREU,0.0
2025-11-23,PRESIDENTE GETÚLIO,0.0
2025-11-23,POUSO REDONDO,0.0
2025-11-23,PORTO UNIÃO,0.0
2025-11-23,PORTO BELO,3.6067229315443985
2025-11-23,PONTE SERRADA,0.0
2025-11-23,PONTE ALTA,0.0
2025-11-23,POMERODE,0.0
2025-11-23,PLANALTO ALEGRE,0.0
2025-11-23,PIRATUBA,0.0
2025-11-23,PINHALZINHO,23.261223540358223
2025-11-23,PERITIBA,0.0
2025-11-23,PENHA,2.9940119760479043
2025-11-23,PAULO LOPES,0.0
2025-11-23,JACINTO MACHADO,0.0
2025-11-23,ANITA GARIBALDI,0.0
