Semana,Município,Casos
2025-09-21,ABDON BATISTA,0
2025-09-21,ITAPIRANGA,0
2025-09-21,ITAPEMA,1
2025-09-21,ITAJAÍ,4
2025-09-21,IRINEÓPOLIS,0
2025-09-21,IRATI,0
2025-09-21,SÃO JOAQUIM,0
2025-09-21,IRANI,0
2025-09-21,IRACEMINHA,0
2025-09-21,IPUMIRIM,0
2025-09-21,IPUAÇU,0
2025-09-21,IPORÃ DO OESTE,0
2025-09-21,IPIRA,0
2025-09-21,IOMERÊ,0
2025-09-21,INDAIAL,0
2025-09-21,IMBUIA,0
2025-09-21,IMBITUBA,0
2025-09-21,IMARUÍ,0
2025-09-21,SÃO MARTINHO,0
2025-09-21,ILHOTA,0
2025-09-21,IBIRAMA,0
2025-09-21,IBICARÉ,0
2025-09-21,HERVAL D'OESTE,0
2025-09-21,GUATAMBÚ,0
2025-09-21,GUARUJÁ DO SUL,0
2025-09-21,GUARAMIRIM,0
2025-09-21,ITAPOÁ,0
2025-09-21,ITUPORANGA,0
2025-09-21,ITÁ,0
2025-09-21,IÇARA,0
2025-09-21,RIO DO CAMPO,0
2025-09-21,MAREMA,0
2025-09-21,MARAVILHA,0
2025-09-21,MARACAJÁ,0
2025-09-21,MAJOR GERCINO,0
2025-09-21,MAFRA,0
2025-09-21,LUZERNA,0
2025-09-21,LUIZ ALVES,0
2025-09-21,LONTRAS,0
2025-09-21,LINDÓIA DO SUL,0
2025-09-21,LAURO MÜLLER,0
2025-09-21,SANGÃO,0
2025-09-21,GUARACIABA,0
2025-09-21,LAURENTINO,0
2025-09-21,LAGUNA,0
2025-09-21,LAGES,0
2025-09-21,LACERDÓPOLIS,0
2025-09-21,JUPIÁ,0
2025-09-21,JOSÉ BOITEUX,0
2025-09-21,JOINVILLE,1
2025-09-21,JOAÇABA,0
2025-09-21,JARDINÓPOLIS,0
2025-09-21,JARAGUÁ DO SUL,1
2025-09-21,SIDERÓPOLIS,0
2025-09-21,JAGUARUNA,0
2025-09-21,JABORÁ,0
2025-09-21,LAJEADO GRANDE,0
2025-09-21,GUABIRUBA,0
2025-09-21,GRAVATAL,0
2025-09-21,GOVERNADOR CELSO RAMOS,1
2025-09-21,CELSO RAMOS,0
2025-09-21,CAÇADOR,0
2025-09-21,CAXAMBU DO SUL,0
2025-09-21,CATANDUVAS,0
2025-09-21,CAPÃO ALTO,0
2025-09-21,CAPIVARI DE BAIXO,0
2025-09-21,VARGEM,0
2025-09-21,CAPINZAL,0
2025-09-21,CANOINHAS,0
2025-09-21,CANELINHA,0
2025-09-21,CAMPOS NOVOS,0
2025-09-21,CAMPO ERÊ,0
2025-09-21,CHAPECÓ,10
2025-09-21,CAMPO ALEGRE,0
2025-09-21,CAIBI,0
2025-09-21,BRUSQUE,0
2025-09-21,BRAÇO DO NORTE,0
2025-09-21,BOTUVERÁ,0
2025-09-21,VITOR MEIRELES,0
2025-09-21,BOMBINHAS,2
2025-09-21,BOM JESUS DO OESTE,0
2025-09-21,BOM JESUS,0
2025-09-21,BOM JARDIM DA SERRA,0
2025-09-21,BLUMENAU,1
2025-09-21,BIGUAÇU,3
2025-09-21,BENEDITO NOVO,0
2025-09-21,CAMBORIÚ,4
2025-09-21,MASSARANDUBA,0
2025-09-21,COCAL DO SUL,0
2025-09-21,CORDILHEIRA ALTA,0
2025-09-21,TIMBÉ DO SUL,0
2025-09-21,GASPAR,0
2025-09-21,GARUVA,0
2025-09-21,GAROPABA,0
2025-09-21,GALVÃO,0
2025-09-21,FRAIBURGO,0
2025-09-21,FORQUILHINHA,0
2025-09-21,FORMOSA DO SUL,0
2025-09-21,FLORIANÓPOLIS,49
2025-09-21,FLOR DO SERTÃO,0
2025-09-21,FAXINAL DOS GUEDES,0
2025-09-21,ERVAL VELHO,0
2025-09-21,CONCÓRDIA,3
2025-09-21,TREVISO,0
2025-09-21,DOUTOR PEDRINHO,0
2025-09-21,DIONÍSIO CERQUEIRA,1
2025-09-21,DESCANSO,0
2025-09-21,CURITIBANOS,0
2025-09-21,CUNHATAÍ,0
2025-09-21,CUNHA PORÃ,0
2025-09-21,CRICIÚMA,0
2025-09-21,CORUPÁ,0
2025-09-21,CORREIA PINTO,0
2025-09-21,CORONEL MARTINS,0
2025-09-21,TURVO,0
2025-09-21,CORONEL FREITAS,0
2025-09-21,ENTRE RIOS,0
2025-09-21,BELMONTE,0
2025-09-21,MODELO,0
2025-09-21,MORRO DA FUMAÇA,0
2025-09-21,TROMBUDO CENTRAL,0
2025-09-21,TREZE TÍLIAS,0
2025-09-21,TIMBÓ,0
2025-09-21,TIJUCAS,0
2025-09-21,MONTE CASTELO,0
2025-09-21,TIGRINHOS,0
2025-09-21,TANGARÁ,0
2025-09-21,TAIÓ,0
2025-09-21,SÃO PEDRO DE ALCÂNTARA,0
2025-09-21,SÃO MIGUEL DO OESTE,0
2025-09-21,SÃO MIGUEL DA BOA VISTA,0
2025-09-21,SÃO LUDGERO,0
2025-09-21,SÃO LOURENÇO DO OESTE,0
2025-09-21,SÃO JOÃO DO OESTE,0
2025-09-21,SÃO JOÃO DO ITAPERIÚ,0
2025-09-21,SÃO JOÃO BATISTA,0
2025-09-21,MORRO GRANDE,0
2025-09-21,SÃO JOSÉ DO CEDRO,0
2025-09-21,SÃO JOSÉ,9
2025-09-21,SÃO FRANCISCO DO SUL,0
2025-09-21,SÃO DOMINGOS,0
2025-09-21,SÃO CARLOS,0
2025-09-21,SÃO BONIFÁCIO,0
2025-09-21,SÃO BERNARDINO,0
2025-09-21,SÃO BENTO DO SUL,0
2025-09-21,TUBARÃO,0
2025-09-21,TUNÁPOLIS,0
2025-09-21,UNIÃO DO OESTE,0
2025-09-21,URUBICI,0
2025-09-21,JACINTO MACHADO,0
2025-09-21,GRÃO-PARÁ,0
2025-09-21,ERMO,0
2025-09-21,DONA EMMA,0
2025-09-21,CHAPADÃO DO LAGEADO,0
2025-09-21,BRAÇO DO TROMBUDO,0
2025-09-21,BOM RETIRO,0
2025-09-21,BALNEÁRIO ARROIO DO SILVA,0
2025-09-21,ARMAZÉM,0
2025-09-21,AGRONÔMICA,0
2025-09-21,MIRIM DOCE,0
2025-09-21,AGROLÂNDIA,0
2025-09-21,SUL BRASIL,0
2025-09-21,ÁGUAS MORNAS,0
2025-09-21,ÁGUAS DE CHAPECÓ,0
2025-09-21,ÁGUA DOCE,0
2025-09-21,ZORTÉA,0
2025-09-21,XAXIM,0
2025-09-21,XAVANTINA,0
2025-09-21,XANXERÊ,0
2025-09-21,VIDEIRA,0
2025-09-21,VIDAL RAMOS,0
2025-09-21,MONTE CARLO,0
2025-09-21,VARGEÃO,0
2025-09-21,VARGEM BONITA,0
2025-09-21,URUSSANGA,0
2025-09-21,ÁGUAS FRIAS,0
2025-09-21,SOMBRIO,0
2025-09-21,SERRA ALTA,0
2025-09-21,OTACÍLIO COSTA,0
2025-09-21,POMERODE,0
2025-09-21,PLANALTO ALEGRE,0
2025-09-21,PIRATUBA,0
2025-09-21,PINHALZINHO,0
2025-09-21,PERITIBA,0
2025-09-21,PRESIDENTE CASTELLO BRANCO,0
2025-09-21,PENHA,1
2025-09-21,PAULO LOPES,0
2025-09-21,PASSOS MAIA,0
2025-09-21,PASSO DE TORRES,0
2025-09-21,PARAÍSO,0
2025-09-21,PAPANDUVA,0
2025-09-21,PONTE ALTA,0
2025-09-21,PALMITOS,0
2025-09-21,PALHOÇA,2
2025-09-21,PAIAL,0
2025-09-21,OURO VERDE,0
2025-09-21,RIO DAS ANTAS,0
2025-09-21,OURO,0
2025-09-21,ORLEANS,0
2025-09-21,NOVO HORIZONTE,0
2025-09-21,NOVA VENEZA,0
2025-09-21,NOVA TRENTO,0
2025-09-21,NOVA ITABERABA,0
2025-09-21,NOVA ERECHIM,0
2025-09-21,NAVEGANTES,1
2025-09-21,PALMA SOLA,0
2025-09-21,MONDAÍ,0
2025-09-21,PONTE SERRADA,0
2025-09-21,PORTO UNIÃO,0
2025-09-21,SEARA,0
2025-09-21,SCHROEDER,0
2025-09-21,SAUDADES,0
2025-09-21,SANTO AMARO DA IMPERATRIZ,0
2025-09-21,SANTIAGO DO SUL,0
2025-09-21,SANTA TEREZINHA DO PROGRESSO,0
2025-09-21,SANTA TEREZINHA,0
2025-09-21,SANTA HELENA,0
2025-09-21,SALTO VELOSO,0
2025-09-21,SALTINHO,0
2025-09-21,SALETE,0
2025-09-21,PETROLÂNDIA,0
2025-09-21,PORTO BELO,1
2025-09-21,ROMELÂNDIA,0
2025-09-21,RIQUEZA,0
2025-09-21,RIO NEGRINHO,0
2025-09-21,RIO DOS CEDROS,0
2025-09-21,RIO DO SUL,0
2025-09-21,RIO DO OESTE,0
2025-09-21,RANCHO QUEIMADO,0
2025-09-21,QUILOMBO,0
2025-09-21,PRINCESA,0
2025-09-21,PRESIDENTE NEREU,0
2025-09-21,PINHEIRO PRETO,0
2025-09-21,PRESIDENTE GETÚLIO,0
2025-09-21,POUSO REDONDO,0
2025-09-21,RODEIO,0
2025-09-21,BARRA VELHA,0
2025-09-21,LEOBERTO LEAL,0
2025-09-21,MAJOR VIEIRA,0
2025-09-21,ARVOREDO,0
2025-09-21,BALNEÁRIO PIÇARRAS,1
2025-09-21,ARABUTÃ,0
2025-09-21,ALTO BELA VISTA,0
2025-09-21,BALNEÁRIO CAMBORIÚ,0
2025-09-21,BALNEÁRIO BARRA DO SUL,0
2025-09-21,ANITA GARIBALDI,0
2025-09-21,BALNEÁRIO GAIVOTA,1
2025-09-21,ARAQUARI,2
2025-09-21,ARROIO TRINTA,0
2025-09-21,BANDEIRANTE,0
2025-09-21,ALFREDO WAGNER,0
2025-09-21,BARRA BONITA,0
2025-09-21,SANTA CECÍLIA,0
2025-09-21,ANITÁPOLIS,0
2025-09-21,ANTÔNIO CARLOS,0
2025-09-21,AURORA,0
2025-09-21,ARARANGUÁ,0
2025-09-21,ANCHIETA,0
2025-09-21,APIÚNA,1
2025-09-21,ASCURRA,0
2025-09-21,BALNEÁRIO RINCÃO,0
2025-09-21,ABELARDO LUZ,0
2025-10-05,ITAPOÁ,0
2025-10-05,BALNEÁRIO BARRA DO SUL,1
2025-10-05,ILHOTA,0
2025-10-05,ITUPORANGA,0
2025-10-05,SÃO MARTINHO,0
2025-10-05,IBIRAMA,0
2025-10-05,TUNÁPOLIS,0
2025-10-05,IRATI,0
2025-10-05,HERVAL D'OESTE,0
2025-10-05,GUATAMBÚ,0
2025-10-05,ITÁ,1
2025-10-05,UNIÃO DO OESTE,0
2025-10-05,GUARUJÁ DO SUL,0
2025-10-05,GUARAMIRIM,0
2025-10-05,URUBICI,0
2025-10-05,GUARACIABA,0
2025-10-05,SÃO PEDRO DE ALCÂNTARA,0
2025-10-05,GUABIRUBA,0
2025-10-05,TAIÓ,0
2025-10-05,IBICARÉ,0
2025-10-05,IMARUÍ,0
2025-10-05,ITAPIRANGA,0
2025-10-05,AURORA,0
2025-10-05,TIGRINHOS,0
2025-10-05,IRANI,0
2025-10-05,IRINEÓPOLIS,0
2025-10-05,SÃO JOAQUIM,0
2025-10-05,ALTO BELA VISTA,0
2025-10-05,MONTE CASTELO,0
2025-10-05,IRACEMINHA,0
2025-10-05,TIJUCAS,0
2025-10-05,ITAJAÍ,4
2025-10-05,TUBARÃO,0
2025-10-05,IPUMIRIM,0
2025-10-05,TANGARÁ,0
2025-10-05,TIMBÓ,0
2025-10-05,ITAPEMA,0
2025-10-05,IPIRA,0
2025-10-05,IOMERÊ,0
2025-10-05,TREZE TÍLIAS,0
2025-10-05,INDAIAL,0
2025-10-05,TROMBUDO CENTRAL,0
2025-10-05,IMBUIA,0
2025-10-05,IMBITUBA,0
2025-10-05,IPUAÇU,0
2025-10-05,IPORÃ DO OESTE,0
2025-10-05,GOVERNADOR CELSO RAMOS,1
2025-10-05,GRAVATAL,0
2025-10-05,ZORTÉA,0
2025-10-05,CUNHATAÍ,0
2025-10-05,CUNHA PORÃ,0
2025-10-05,CRICIÚMA,0
2025-10-05,BALNEÁRIO PIÇARRAS,1
2025-10-05,ÁGUA DOCE,0
2025-10-05,CORUPÁ,0
2025-10-05,CORREIA PINTO,0
2025-10-05,ÁGUAS DE CHAPECÓ,0
2025-10-05,CORONEL MARTINS,0
2025-10-05,CORONEL FREITAS,0
2025-10-05,TURVO,0
2025-10-05,CORDILHEIRA ALTA,0
2025-10-05,ÁGUAS FRIAS,0
2025-10-05,CONCÓRDIA,0
2025-10-05,COCAL DO SUL,0
2025-10-05,ÁGUAS MORNAS,0
2025-10-05,CHAPECÓ,7
2025-10-05,SANTA CECÍLIA,0
2025-10-05,CELSO RAMOS,0
2025-10-05,MIRIM DOCE,0
2025-10-05,CAÇADOR,0
2025-10-05,BALNEÁRIO RINCÃO,0
2025-10-05,ABELARDO LUZ,0
2025-10-05,AGROLÂNDIA,0
2025-10-05,CURITIBANOS,0
2025-10-05,DESCANSO,0
2025-10-05,XAXIM,0
2025-10-05,DIONÍSIO CERQUEIRA,0
2025-10-05,BALNEÁRIO CAMBORIÚ,0
2025-10-05,IÇARA,0
2025-10-05,VARGEM BONITA,0
2025-10-05,GASPAR,0
2025-10-05,TIMBÉ DO SUL,0
2025-10-05,GARUVA,0
2025-10-05,GAROPABA,0
2025-10-05,MONTE CARLO,0
2025-10-05,VARGEÃO,0
2025-10-05,GALVÃO,0
2025-10-05,FRAIBURGO,0
2025-10-05,ALFREDO WAGNER,0
2025-10-05,URUSSANGA,0
2025-10-05,FORQUILHINHA,0
2025-10-05,FORMOSA DO SUL,0
2025-10-05,FLORIANÓPOLIS,55
2025-10-05,VIDEIRA,2
2025-10-05,FLOR DO SERTÃO,0
2025-10-05,BALNEÁRIO GAIVOTA,0
2025-10-05,XANXERÊ,0
2025-10-05,FAXINAL DOS GUEDES,0
2025-10-05,ERVAL VELHO,0
2025-10-05,XAVANTINA,0
2025-10-05,ENTRE RIOS,0
2025-10-05,TREVISO,0
2025-10-05,DOUTOR PEDRINHO,0
2025-10-05,VIDAL RAMOS,0
2025-10-05,JABORÁ,0
2025-10-05,JARDINÓPOLIS,0
2025-10-05,ASCURRA,0
2025-10-05,PLANALTO ALEGRE,0
2025-10-05,PIRATUBA,0
2025-10-05,SANTO AMARO DA IMPERATRIZ,0
2025-10-05,PINHALZINHO,0
2025-10-05,PERITIBA,0
2025-10-05,SAUDADES,0
2025-10-05,PENHA,3
2025-10-05,PRESIDENTE CASTELLO BRANCO,0
2025-10-05,PAULO LOPES,0
2025-10-05,SCHROEDER,0
2025-10-05,PASSOS MAIA,0
2025-10-05,PASSO DE TORRES,0
2025-10-05,OTACÍLIO COSTA,0
2025-10-05,PARAÍSO,0
2025-10-05,ARAQUARI,2
2025-10-05,SEARA,0
2025-10-05,PAPANDUVA,0
2025-10-05,PALMITOS,0
2025-10-05,PALMA SOLA,0
2025-10-05,SERRA ALTA,0
2025-10-05,PALHOÇA,4
2025-10-05,PAIAL,0
2025-10-05,SOMBRIO,0
2025-10-05,OURO VERDE,0
2025-10-05,ANITÁPOLIS,0
2025-10-05,SANTIAGO DO SUL,0
2025-10-05,POMERODE,0
2025-10-05,ARABUTÃ,0
2025-10-05,PONTE ALTA,0
2025-10-05,ROMELÂNDIA,0
2025-10-05,RODEIO,0
2025-10-05,RIQUEZA,0
2025-10-05,RIO NEGRINHO,0
2025-10-05,SALETE,0
2025-10-05,RIO DOS CEDROS,0
2025-10-05,RIO DO SUL,1
2025-10-05,SALTINHO,0
2025-10-05,RIO DO OESTE,0
2025-10-05,APIÚNA,0
2025-10-05,RANCHO QUEIMADO,0
2025-10-05,SALTO VELOSO,0
2025-10-05,SUL BRASIL,0
2025-10-05,QUILOMBO,0
2025-10-05,ANTÔNIO CARLOS,0
2025-10-05,SANTA HELENA,0
2025-10-05,PRESIDENTE NEREU,0
2025-10-05,PRESIDENTE GETÚLIO,0
2025-10-05,PINHEIRO PRETO,0
2025-10-05,POUSO REDONDO,0
2025-10-05,SANTA TEREZINHA,0
2025-10-05,PORTO UNIÃO,0
2025-10-05,PORTO BELO,3
2025-10-05,ANITA GARIBALDI,0
2025-10-05,SANTA TEREZINHA DO PROGRESSO,0
2025-10-05,PONTE SERRADA,0
2025-10-05,PRINCESA,0
2025-10-05,SIDERÓPOLIS,0
2025-10-05,OURO,0
2025-10-05,ORLEANS,0
2025-10-05,LINDÓIA DO SUL,0
2025-10-05,SÃO JOÃO BATISTA,0
2025-10-05,LEOBERTO LEAL,0
2025-10-05,MAJOR VIEIRA,0
2025-10-05,LAURO MÜLLER,0
2025-10-05,ANCHIETA,0
2025-10-05,SÃO JOÃO DO ITAPERIÚ,0
2025-10-05,LAURENTINO,0
2025-10-05,SANGÃO,0
2025-10-05,LAJEADO GRANDE,0
2025-10-05,ARVOREDO,0
2025-10-05,LAGUNA,0
2025-10-05,SÃO JOÃO DO OESTE,0
2025-10-05,LAGES,0
2025-10-05,LACERDÓPOLIS,0
2025-10-05,SÃO LOURENÇO DO OESTE,0
2025-10-05,JUPIÁ,0
2025-10-05,JOSÉ BOITEUX,0
2025-10-05,JOINVILLE,1
2025-10-05,SÃO LUDGERO,0
2025-10-05,JOAÇABA,0
2025-10-05,SÃO MIGUEL DA BOA VISTA,0
2025-10-05,JARAGUÁ DO SUL,0
2025-10-05,SÃO MIGUEL DO OESTE,0
2025-10-05,JAGUARUNA,0
2025-10-05,SÃO JOSÉ DO CEDRO,0
2025-10-05,LONTRAS,0
2025-10-05,MORRO GRANDE,0
2025-10-05,LUIZ ALVES,0
2025-10-05,SÃO BENTO DO SUL,0
2025-10-05,NOVO HORIZONTE,0
2025-10-05,NOVA VENEZA,0
2025-10-05,ARARANGUÁ,0
2025-10-05,NOVA TRENTO,0
2025-10-05,SÃO BERNARDINO,0
2025-10-05,NOVA ITABERABA,0
2025-10-05,NOVA ERECHIM,0
2025-10-05,NAVEGANTES,0
2025-10-05,SÃO BONIFÁCIO,0
2025-10-05,MORRO DA FUMAÇA,0
2025-10-05,MONDAÍ,0
2025-10-05,RIO DAS ANTAS,0
2025-10-05,SÃO CARLOS,0
2025-10-05,MASSARANDUBA,0
2025-10-05,SÃO DOMINGOS,0
2025-10-05,MAREMA,0
2025-10-05,RIO DO CAMPO,0
2025-10-05,MARAVILHA,0
2025-10-05,ARROIO TRINTA,0
2025-10-05,SÃO FRANCISCO DO SUL,0
2025-10-05,MARACAJÁ,0
2025-10-05,MAJOR GERCINO,0
2025-10-05,MAFRA,0
2025-10-05,SÃO JOSÉ,13
2025-10-05,LUZERNA,0
2025-10-05,MODELO,0
2025-10-05,CAXAMBU DO SUL,0
2025-10-05,PETROLÂNDIA,0
2025-10-05,BALNEÁRIO ARROIO DO SILVA,0
2025-10-05,CAMPOS NOVOS,0
2025-10-05,CHAPADÃO DO LAGEADO,0
2025-10-05,CATANDUVAS,0
2025-10-05,BOM RETIRO,0
2025-10-05,BENEDITO NOVO,0
2025-10-05,BRUSQUE,0
2025-10-05,CAPINZAL,0
2025-10-05,BOM JESUS DO OESTE,0
2025-10-05,CAPÃO ALTO,0
2025-10-05,CAMPO ERÊ,0
2025-10-05,ABDON BATISTA,0
2025-10-05,BIGUAÇU,3
2025-10-05,VARGEM,0
2025-10-05,CAIBI,0
2025-10-05,GRÃO-PARÁ,0
2025-10-05,CAMPO ALEGRE,0
2025-10-05,BANDEIRANTE,0
2025-10-05,BARRA BONITA,0
2025-10-05,BOM JESUS,0
2025-10-05,BLUMENAU,1
2025-10-05,BRAÇO DO TROMBUDO,0
2025-10-05,BOM JARDIM DA SERRA,0
2025-10-05,ERMO,0
2025-10-05,VITOR MEIRELES,0
2025-10-05,CAMBORIÚ,3
2025-10-05,BRAÇO DO NORTE,0
2025-10-05,BARRA VELHA,0
2025-10-05,CANOINHAS,0
2025-10-05,CANELINHA,0
2025-10-05,DONA EMMA,0
2025-10-05,CAPIVARI DE BAIXO,0
2025-10-05,AGRONÔMICA,0
2025-10-05,BOTUVERÁ,0
2025-10-05,JACINTO MACHADO,0
2025-10-05,BOMBINHAS,2
2025-10-05,BELMONTE,0
2025-10-05,ARMAZÉM,0
2025-10-12,SÃO JOÃO DO OESTE,0
2025-10-12,CAIBI,0
2025-10-12,LAGES,0
2025-10-12,ITAPEMA,1
2025-10-12,LACERDÓPOLIS,0
2025-10-12,MONTE CASTELO,0
2025-10-12,ITAJAÍ,7
2025-10-12,TANGARÁ,0
2025-10-12,IRINEÓPOLIS,0
2025-10-12,IRATI,0
2025-10-12,BRAÇO DO TROMBUDO,0
2025-10-12,IRANI,0
2025-10-12,BANDEIRANTE,0
2025-10-12,AURORA,0
2025-10-12,LAGUNA,0
2025-10-12,ARVOREDO,0
2025-10-12,ITAPIRANGA,0
2025-10-12,JOAÇABA,0
2025-10-12,ITAPOÁ,0
2025-10-12,SÃO MIGUEL DA BOA VISTA,0
2025-10-12,JARDINÓPOLIS,0
2025-10-12,SÃO LUDGERO,0
2025-10-12,JOINVILLE,3
2025-10-12,JARAGUÁ DO SUL,0
2025-10-12,SÃO MIGUEL DO OESTE,0
2025-10-12,JOSÉ BOITEUX,0
2025-10-12,BRUSQUE,0
2025-10-12,SÃO LOURENÇO DO OESTE,0
2025-10-12,JABORÁ,0
2025-10-12,ASCURRA,0
2025-10-12,JUPIÁ,0
2025-10-12,SIDERÓPOLIS,0
2025-10-12,IÇARA,0
2025-10-12,SÃO PEDRO DE ALCÂNTARA,0
2025-10-12,ITÁ,1
2025-10-12,ITUPORANGA,0
2025-10-12,BRAÇO DO NORTE,0
2025-10-12,CHAPADÃO DO LAGEADO,0
2025-10-12,TAIÓ,0
2025-10-12,JAGUARUNA,0
2025-10-12,IPORÃ DO OESTE,0
2025-10-12,CAMBORIÚ,3
2025-10-12,URUBICI,0
2025-10-12,GUARACIABA,0
2025-10-12,GUABIRUBA,0
2025-10-12,CAMPOS NOVOS,0
2025-10-12,URUSSANGA,0
2025-10-12,GRAVATAL,0
2025-10-12,GOVERNADOR CELSO RAMOS,2
2025-10-12,BALNEÁRIO CAMBORIÚ,0
2025-10-12,MONTE CARLO,0
2025-10-12,GASPAR,0
2025-10-12,VARGEM BONITA,0
2025-10-12,GARUVA,0
2025-10-12,TIMBÉ DO SUL,0
2025-10-12,GAROPABA,0
2025-10-12,CANELINHA,0
2025-10-12,ALFREDO WAGNER,0
2025-10-12,GALVÃO,0
2025-10-12,VARGEÃO,0
2025-10-12,FRAIBURGO,0
2025-10-12,FORQUILHINHA,0
2025-10-12,BALNEÁRIO ARROIO DO SILVA,0
2025-10-12,VIDAL RAMOS,0
2025-10-12,FORMOSA DO SUL,0
2025-10-12,VARGEM,0
2025-10-12,FLORIANÓPOLIS,52
2025-10-12,GUARAMIRIM,0
2025-10-12,BOM RETIRO,0
2025-10-12,GUARUJÁ DO SUL,0
2025-10-12,UNIÃO DO OESTE,0
2025-10-12,IRACEMINHA,0
2025-10-12,SÃO JOAQUIM,0
2025-10-12,TIJUCAS,2
2025-10-12,IPUMIRIM,0
2025-10-12,IPUAÇU,0
2025-10-12,SANGÃO,0
2025-10-12,TIMBÓ,0
2025-10-12,IPIRA,0
2025-10-12,IOMERÊ,0
2025-10-12,TREZE TÍLIAS,0
2025-10-12,INDAIAL,0
2025-10-12,CAMPO ALEGRE,0
2025-10-12,ALTO BELA VISTA,0
2025-10-12,TROMBUDO CENTRAL,0
2025-10-12,IMBITUBA,0
2025-10-12,TUBARÃO,0
2025-10-12,IMARUÍ,0
2025-10-12,BALNEÁRIO BARRA DO SUL,0
2025-10-12,ILHOTA,0
2025-10-12,IBIRAMA,0
2025-10-12,CAMPO ERÊ,0
2025-10-12,SÃO MARTINHO,0
2025-10-12,TUNÁPOLIS,0
2025-10-12,IBICARÉ,0
2025-10-12,HERVAL D'OESTE,0
2025-10-12,GUATAMBÚ,0
2025-10-12,IMBUIA,0
2025-10-12,LAJEADO GRANDE,0
2025-10-12,CATANDUVAS,0
2025-10-12,SÃO JOÃO DO ITAPERIÚ,0
2025-10-12,SANTA TEREZINHA DO PROGRESSO,0
2025-10-12,PONTE SERRADA,0
2025-10-12,BENEDITO NOVO,0
2025-10-12,PONTE ALTA,0
2025-10-12,POMERODE,0
2025-10-12,ARABUTÃ,0
2025-10-12,SANTIAGO DO SUL,0
2025-10-12,PLANALTO ALEGRE,0
2025-10-12,PIRATUBA,0
2025-10-12,SANTO AMARO DA IMPERATRIZ,1
2025-10-12,PINHALZINHO,0
2025-10-12,BARRA BONITA,0
2025-10-12,PERITIBA,0
2025-10-12,BIGUAÇU,3
2025-10-12,SAUDADES,0
2025-10-12,PENHA,3
2025-10-12,PAULO LOPES,0
2025-10-12,OTACÍLIO COSTA,0
2025-10-12,PRESIDENTE CASTELLO BRANCO,0
2025-10-12,SCHROEDER,0
2025-10-12,PASSOS MAIA,0
2025-10-12,GRÃO-PARÁ,0
2025-10-12,PASSO DE TORRES,0
2025-10-12,ABDON BATISTA,0
2025-10-12,PARAÍSO,0
2025-10-12,PORTO BELO,3
2025-10-12,BLUMENAU,0
2025-10-12,PORTO UNIÃO,0
2025-10-12,PINHEIRO PRETO,0
2025-10-12,RODEIO,0
2025-10-12,ROMELÂNDIA,0
2025-10-12,PETROLÂNDIA,0
2025-10-12,RIQUEZA,0
2025-10-12,RIO NEGRINHO,0
2025-10-12,SALETE,0
2025-10-12,RIO DOS CEDROS,0
2025-10-12,BARRA VELHA,0
2025-10-12,ANITA GARIBALDI,0
2025-10-12,RIO DO SUL,0
2025-10-12,SALTINHO,0
2025-10-12,RIO DO OESTE,0
2025-10-12,RANCHO QUEIMADO,0
2025-10-12,APIÚNA,0
2025-10-12,ANTÔNIO CARLOS,0
2025-10-12,JACINTO MACHADO,0
2025-10-12,SALTO VELOSO,0
2025-10-12,QUILOMBO,0
2025-10-12,PRINCESA,0
2025-10-12,BELMONTE,0
2025-10-12,SANTA HELENA,0
2025-10-12,PRESIDENTE NEREU,0
2025-10-12,PRESIDENTE GETÚLIO,0
2025-10-12,POUSO REDONDO,0
2025-10-12,MAJOR VIEIRA,0
2025-10-12,SANTA TEREZINHA,0
2025-10-12,LAURENTINO,0
2025-10-12,SEARA,0
2025-10-12,ARAQUARI,3
2025-10-12,MODELO,0
2025-10-12,MASSARANDUBA,0
2025-10-12,BOM JESUS DO OESTE,0
2025-10-12,SÃO DOMINGOS,0
2025-10-12,MAREMA,0
2025-10-12,MARAVILHA,0
2025-10-12,RIO DO CAMPO,0
2025-10-12,SÃO FRANCISCO DO SUL,1
2025-10-12,MARACAJÁ,0
2025-10-12,ARROIO TRINTA,0
2025-10-12,MAJOR GERCINO,0
2025-10-12,MORRO GRANDE,0
2025-10-12,MAFRA,0
2025-10-12,SÃO JOSÉ,11
2025-10-12,LUZERNA,0
2025-10-12,BOMBINHAS,1
2025-10-12,LUIZ ALVES,0
2025-10-12,LONTRAS,0
2025-10-12,SÃO JOSÉ DO CEDRO,0
2025-10-12,LINDÓIA DO SUL,0
2025-10-12,ANCHIETA,0
2025-10-12,LEOBERTO LEAL,0
2025-10-12,SÃO JOÃO BATISTA,0
2025-10-12,LAURO MÜLLER,0
2025-10-12,BOTUVERÁ,0
2025-10-12,SÃO CARLOS,0
2025-10-12,PAPANDUVA,0
2025-10-12,VITOR MEIRELES,0
2025-10-12,MORRO DA FUMAÇA,0
2025-10-12,PALMITOS,0
2025-10-12,PALMA SOLA,0
2025-10-12,SERRA ALTA,0
2025-10-12,PALHOÇA,1
2025-10-12,ANITÁPOLIS,0
2025-10-12,PAIAL,0
2025-10-12,SOMBRIO,0
2025-10-12,OURO VERDE,0
2025-10-12,BOM JARDIM DA SERRA,0
2025-10-12,OURO,0
2025-10-12,SUL BRASIL,0
2025-10-12,ORLEANS,0
2025-10-12,RIO DAS ANTAS,0
2025-10-12,NOVO HORIZONTE,0
2025-10-12,SÃO BENTO DO SUL,0
2025-10-12,NOVA VENEZA,0
2025-10-12,ERMO,0
2025-10-12,NOVA TRENTO,0
2025-10-12,BOM JESUS,0
2025-10-12,ARARANGUÁ,0
2025-10-12,NOVA ITABERABA,0
2025-10-12,SÃO BERNARDINO,0
2025-10-12,NOVA ERECHIM,0
2025-10-12,NAVEGANTES,0
2025-10-12,SÃO BONIFÁCIO,0
2025-10-12,MONDAÍ,0
2025-10-12,DONA EMMA,0
2025-10-12,TIGRINHOS,0
2025-10-12,DOUTOR PEDRINHO,0
2025-10-12,FLOR DO SERTÃO,0
2025-10-12,CURITIBANOS,0
2025-10-12,CAPÃO ALTO,0
2025-10-12,ENTRE RIOS,0
2025-10-12,CHAPECÓ,9
2025-10-12,CUNHATAÍ,0
2025-10-12,ÁGUAS MORNAS,0
2025-10-12,ABELARDO LUZ,0
2025-10-12,SANTA CECÍLIA,0
2025-10-12,COCAL DO SUL,0
2025-10-12,ZORTÉA,0
2025-10-12,CONCÓRDIA,0
2025-10-12,CUNHA PORÃ,0
2025-10-12,FAXINAL DOS GUEDES,0
2025-10-12,ARMAZÉM,0
2025-10-12,ÁGUAS FRIAS,0
2025-10-12,TURVO,0
2025-10-12,ÁGUAS DE CHAPECÓ,0
2025-10-12,CAPIVARI DE BAIXO,0
2025-10-12,ERVAL VELHO,0
2025-10-12,CORREIA PINTO,0
2025-10-12,CORONEL MARTINS,0
2025-10-12,BALNEÁRIO PIÇARRAS,1
2025-10-12,CELSO RAMOS,0
2025-10-12,CORUPÁ,0
2025-10-12,XANXERÊ,0
2025-10-12,ÁGUA DOCE,0
2025-10-12,BALNEÁRIO GAIVOTA,0
2025-10-12,CANOINHAS,0
2025-10-12,CORDILHEIRA ALTA,0
2025-10-12,CRICIÚMA,0
2025-10-12,CORONEL FREITAS,0
2025-10-12,XAVANTINA,0
2025-10-12,MIRIM DOCE,0
2025-10-12,CAPINZAL,0
2025-10-12,AGRONÔMICA,0
2025-10-12,BALNEÁRIO RINCÃO,0
2025-10-12,AGROLÂNDIA,0
2025-10-12,CAÇADOR,0
2025-10-12,VIDEIRA,1
2025-10-12,XAXIM,0
2025-10-12,CAXAMBU DO SUL,0
2025-10-12,DESCANSO,0
2025-10-12,TREVISO,0
2025-10-12,DIONÍSIO CERQUEIRA,0
2025-10-19,ÁGUA DOCE,0
2025-10-19,LAGUNA,0
2025-10-19,ANCHIETA,0
2025-10-19,AURORA,0
2025-10-19,CAMBORIÚ,1
2025-10-19,LAJEADO GRANDE,0
2025-10-19,BOTUVERÁ,0
2025-10-19,LEOBERTO LEAL,0
2025-10-19,SÃO JOÃO BATISTA,0
2025-10-19,LAURO MÜLLER,0
2025-10-19,SÃO JOÃO DO ITAPERIÚ,0
2025-10-19,IRACEMINHA,0
2025-10-19,CRICIÚMA,0
2025-10-19,LAURENTINO,0
2025-10-19,DIONÍSIO CERQUEIRA,0
2025-10-19,LINDÓIA DO SUL,0
2025-10-19,XAXIM,0
2025-10-19,SANGÃO,0
2025-10-19,MARAVILHA,0
2025-10-19,IPIRA,0
2025-10-19,BALNEÁRIO PIÇARRAS,1
2025-10-19,TIMBÓ,0
2025-10-19,IPORÃ DO OESTE,0
2025-10-19,IPUAÇU,0
2025-10-19,MARACAJÁ,0
2025-10-19,CORREIA PINTO,0
2025-10-19,RIO DO CAMPO,0
2025-10-19,SÃO FRANCISCO DO SUL,0
2025-10-19,SÃO JOSÉ DO CEDRO,0
2025-10-19,MAJOR GERCINO,0
2025-10-19,MAFRA,0
2025-10-19,DONA EMMA,0
2025-10-19,LUZERNA,0
2025-10-19,SÃO JOAQUIM,0
2025-10-19,IPUMIRIM,0
2025-10-19,SÃO JOSÉ,12
2025-10-19,LUIZ ALVES,0
2025-10-19,TIJUCAS,2
2025-10-19,CORUPÁ,0
2025-10-19,BOMBINHAS,3
2025-10-19,ARROIO TRINTA,0
2025-10-19,LONTRAS,0
2025-10-19,LAGES,0
2025-10-19,SÃO JOÃO DO OESTE,0
2025-10-19,SÃO MIGUEL DO OESTE,0
2025-10-19,JABORÁ,0
2025-10-19,IRINEÓPOLIS,0
2025-10-19,IÇARA,0
2025-10-19,DESCANSO,0
2025-10-19,ITAJAÍ,9
2025-10-19,ASCURRA,0
2025-10-19,SIDERÓPOLIS,0
2025-10-19,CURITIBANOS,0
2025-10-19,BRUSQUE,0
2025-10-19,ITÁ,0
2025-10-19,ITUPORANGA,0
2025-10-19,MONTE CASTELO,0
2025-10-19,TANGARÁ,0
2025-10-19,ITAPOÁ,0
2025-10-19,BANDEIRANTE,0
2025-10-19,ITAPIRANGA,0
2025-10-19,TAIÓ,0
2025-10-19,ITAPEMA,0
2025-10-19,CAIBI,0
2025-10-19,SÃO PEDRO DE ALCÂNTARA,0
2025-10-19,JAGUARUNA,0
2025-10-19,JARAGUÁ DO SUL,0
2025-10-19,CUNHATAÍ,0
2025-10-19,CAPINZAL,0
2025-10-19,ARMAZÉM,0
2025-10-19,ARVOREDO,0
2025-10-19,LACERDÓPOLIS,0
2025-10-19,IRANI,0
2025-10-19,CUNHA PORÃ,0
2025-10-19,JUPIÁ,0
2025-10-19,BRAÇO DO NORTE,0
2025-10-19,SÃO LOURENÇO DO OESTE,0
2025-10-19,JOSÉ BOITEUX,0
2025-10-19,JOINVILLE,5
2025-10-19,ZORTÉA,0
2025-10-19,BRAÇO DO TROMBUDO,0
2025-10-19,SÃO LUDGERO,0
2025-10-19,JOAÇABA,0
2025-10-19,MORRO GRANDE,0
2025-10-19,CHAPADÃO DO LAGEADO,0
2025-10-19,IRATI,0
2025-10-19,TIGRINHOS,0
2025-10-19,JARDINÓPOLIS,0
2025-10-19,ALTO BELA VISTA,0
2025-10-19,TREVISO,0
2025-10-19,BOM JESUS DO OESTE,0
2025-10-19,FLORIANÓPOLIS,47
2025-10-19,SÃO DOMINGOS,0
2025-10-19,CAPÃO ALTO,0
2025-10-19,SANTA TEREZINHA,0
2025-10-19,PORTO UNIÃO,0
2025-10-19,PINHEIRO PRETO,0
2025-10-19,PORTO BELO,4
2025-10-19,CELSO RAMOS,0
2025-10-19,BARRA BONITA,0
2025-10-19,ANITA GARIBALDI,0
2025-10-19,PONTE SERRADA,0
2025-10-19,BENEDITO NOVO,0
2025-10-19,SANTA TEREZINHA DO PROGRESSO,0
2025-10-19,POUSO REDONDO,0
2025-10-19,PONTE ALTA,0
2025-10-19,ÁGUAS MORNAS,0
2025-10-19,SANTIAGO DO SUL,0
2025-10-19,PLANALTO ALEGRE,0
2025-10-19,ARABUTÃ,0
2025-10-19,PIRATUBA,0
2025-10-19,CHAPECÓ,15
2025-10-19,GRÃO-PARÁ,0
2025-10-19,SANTO AMARO DA IMPERATRIZ,1
2025-10-19,PINHALZINHO,1
2025-10-19,OTACÍLIO COSTA,0
2025-10-19,PERITIBA,0
2025-10-19,POMERODE,0
2025-10-19,PRESIDENTE GETÚLIO,0
2025-10-19,SANTA HELENA,0
2025-10-19,BELMONTE,0
2025-10-19,RODEIO,0
2025-10-19,CATANDUVAS,0
2025-10-19,ROMELÂNDIA,0
2025-10-19,RIQUEZA,0
2025-10-19,PETROLÂNDIA,0
2025-10-19,RIO NEGRINHO,0
2025-10-19,SALETE,0
2025-10-19,RIO DOS CEDROS,0
2025-10-19,BALNEÁRIO RINCÃO,0
2025-10-19,RIO DO SUL,0
2025-10-19,BARRA VELHA,0
2025-10-19,ANTÔNIO CARLOS,0
2025-10-19,CAXAMBU DO SUL,0
2025-10-19,RIO DO OESTE,0
2025-10-19,SALTINHO,0
2025-10-19,RANCHO QUEIMADO,0
2025-10-19,JACINTO MACHADO,0
2025-10-19,AGROLÂNDIA,0
2025-10-19,QUILOMBO,0
2025-10-19,AGRONÔMICA,0
2025-10-19,APIÚNA,0
2025-10-19,SALTO VELOSO,0
2025-10-19,PRINCESA,0
2025-10-19,CAÇADOR,0
2025-10-19,PRESIDENTE NEREU,0
2025-10-19,SAUDADES,0
2025-10-19,MAREMA,0
2025-10-19,PENHA,4
2025-10-19,PAULO LOPES,0
2025-10-19,NOVO HORIZONTE,0
2025-10-19,ERMO,0
2025-10-19,VITOR MEIRELES,0
2025-10-19,RIO DAS ANTAS,0
2025-10-19,SÃO BENTO DO SUL,0
2025-10-19,NOVA VENEZA,0
2025-10-19,NOVA TRENTO,0
2025-10-19,CORONEL FREITAS,0
2025-10-19,BOM JESUS,0
2025-10-19,NOVA ITABERABA,0
2025-10-19,ARARANGUÁ,0
2025-10-19,MIRIM DOCE,0
2025-10-19,SÃO BERNARDINO,0
2025-10-19,NAVEGANTES,2
2025-10-19,ÁGUAS DE CHAPECÓ,0
2025-10-19,SÃO BONIFÁCIO,0
2025-10-19,IOMERÊ,0
2025-10-19,ABDON BATISTA,0
2025-10-19,MONDAÍ,0
2025-10-19,CORONEL MARTINS,0
2025-10-19,SÃO CARLOS,0
2025-10-19,MODELO,0
2025-10-19,MASSARANDUBA,0
2025-10-19,CAPIVARI DE BAIXO,0
2025-10-19,NOVA ERECHIM,0
2025-10-19,ORLEANS,0
2025-10-19,SUL BRASIL,0
2025-10-19,OURO,0
2025-10-19,COCAL DO SUL,0
2025-10-19,PASSOS MAIA,0
2025-10-19,PRESIDENTE CASTELLO BRANCO,0
2025-10-19,SCHROEDER,0
2025-10-19,PASSO DE TORRES,0
2025-10-19,TURVO,0
2025-10-19,PARAÍSO,0
2025-10-19,BLUMENAU,1
2025-10-19,CONCÓRDIA,0
2025-10-19,PAPANDUVA,0
2025-10-19,SEARA,0
2025-10-19,PALMITOS,0
2025-10-19,ARAQUARI,3
2025-10-19,ANITÁPOLIS,0
2025-10-19,PALMA SOLA,0
2025-10-19,ÁGUAS FRIAS,0
2025-10-19,MAJOR VIEIRA,0
2025-10-19,SERRA ALTA,0
2025-10-19,PALHOÇA,0
2025-10-19,PAIAL,0
2025-10-19,ABELARDO LUZ,0
2025-10-19,SOMBRIO,0
2025-10-19,OURO VERDE,0
2025-10-19,CORDILHEIRA ALTA,0
2025-10-19,BOM JARDIM DA SERRA,0
2025-10-19,BIGUAÇU,3
2025-10-19,MORRO DA FUMAÇA,0
2025-10-19,SÃO MIGUEL DA BOA VISTA,0
2025-10-19,URUSSANGA,0
2025-10-19,VARGEM,0
2025-10-19,TUNÁPOLIS,0
2025-10-19,GUARACIABA,0
2025-10-19,FLOR DO SERTÃO,0
2025-10-19,UNIÃO DO OESTE,0
2025-10-19,IBICARÉ,0
2025-10-19,INDAIAL,0
2025-10-19,IBIRAMA,0
2025-10-19,TUBARÃO,0
2025-10-19,GALVÃO,0
2025-10-19,CANOINHAS,0
2025-10-19,VIDAL RAMOS,0
2025-10-19,IMARUÍ,0
2025-10-19,GASPAR,0
2025-10-19,FORMOSA DO SUL,0
2025-10-19,BOM RETIRO,0
2025-10-19,CAMPOS NOVOS,0
2025-10-19,CAMPO ALEGRE,0
2025-10-19,XANXERÊ,0
2025-10-19,BALNEÁRIO GAIVOTA,0
2025-10-19,GUATAMBÚ,0
2025-10-19,TROMBUDO CENTRAL,0
2025-10-19,CAMPO ERÊ,0
2025-10-19,CANELINHA,0
2025-10-19,BALNEÁRIO ARROIO DO SILVA,0
2025-10-19,MONTE CARLO,0
2025-10-19,FORQUILHINHA,0
2025-10-19,XAVANTINA,0
2025-10-19,ALFREDO WAGNER,0
2025-10-19,IMBUIA,0
2025-10-19,SÃO MARTINHO,0
2025-10-19,VIDEIRA,0
2025-10-19,GUABIRUBA,0
2025-10-19,SANTA CECÍLIA,0
2025-10-19,GRAVATAL,0
2025-10-19,BALNEÁRIO BARRA DO SUL,0
2025-10-19,DOUTOR PEDRINHO,0
2025-10-19,BALNEÁRIO CAMBORIÚ,0
2025-10-19,FRAIBURGO,0
2025-10-19,GAROPABA,0
2025-10-19,IMBITUBA,0
2025-10-19,URUBICI,0
2025-10-19,GOVERNADOR CELSO RAMOS,0
2025-10-19,GARUVA,0
2025-10-19,GUARAMIRIM,0
2025-10-19,TREZE TÍLIAS,0
2025-10-19,VARGEÃO,0
2025-10-19,ERVAL VELHO,0
2025-10-19,VARGEM BONITA,0
2025-10-19,GUARUJÁ DO SUL,0
2025-10-19,ENTRE RIOS,0
2025-10-19,ILHOTA,0
2025-10-19,HERVAL D'OESTE,0
2025-10-19,TIMBÉ DO SUL,0
2025-10-19,FAXINAL DOS GUEDES,0
2025-10-26,SÃO JOÃO DO ITAPERIÚ,0
2025-10-26,PALHOÇA,1
2025-10-26,BOTUVERÁ,0
2025-10-26,SERRA ALTA,0
2025-10-26,LAGES,0
2025-10-26,CAMPO ERÊ,0
2025-10-26,LAJEADO GRANDE,0
2025-10-26,CONCÓRDIA,0
2025-10-26,BLUMENAU,0
2025-10-26,IBICARÉ,0
2025-10-26,CHAPADÃO DO LAGEADO,0
2025-10-26,GOVERNADOR CELSO RAMOS,1
2025-10-26,PALMA SOLA,0
2025-10-26,ANITÁPOLIS,0
2025-10-26,FAXINAL DOS GUEDES,0
2025-10-26,SEARA,0
2025-10-26,LAGUNA,0
2025-10-26,PALMITOS,0
2025-10-26,ARAQUARI,5
2025-10-26,ARMAZÉM,0
2025-10-26,GASPAR,0
2025-10-26,SANGÃO,0
2025-10-26,AGRONÔMICA,0
2025-10-26,VARGEM BONITA,0
2025-10-26,PAULO LOPES,0
2025-10-26,BIGUAÇU,1
2025-10-26,SÃO LUDGERO,0
2025-10-26,ERVAL VELHO,0
2025-10-26,GARUVA,0
2025-10-26,JOAÇABA,1
2025-10-26,PENHA,3
2025-10-26,ENTRE RIOS,0
2025-10-26,TURVO,0
2025-10-26,BALNEÁRIO RINCÃO,0
2025-10-26,JARDINÓPOLIS,0
2025-10-26,PERITIBA,0
2025-10-26,CUNHATAÍ,0
2025-10-26,JOINVILLE,6
2025-10-26,COCAL DO SUL,0
2025-10-26,PASSOS MAIA,0
2025-10-26,BRAÇO DO NORTE,0
2025-10-26,SÃO JOÃO DO OESTE,0
2025-10-26,LACERDÓPOLIS,0
2025-10-26,ÁGUAS FRIAS,0
2025-10-26,BALNEÁRIO BARRA DO SUL,0
2025-10-26,ARVOREDO,0
2025-10-26,PARAÍSO,0
2025-10-26,CUNHA PORÃ,0
2025-10-26,PAPANDUVA,0
2025-10-26,PRESIDENTE CASTELLO BRANCO,0
2025-10-26,PASSO DE TORRES,0
2025-10-26,SÃO LOURENÇO DO OESTE,0
2025-10-26,SCHROEDER,0
2025-10-26,BALNEÁRIO CAMBORIÚ,1
2025-10-26,JOSÉ BOITEUX,0
2025-10-26,IBIRAMA,0
2025-10-26,ZORTÉA,0
2025-10-26,JUPIÁ,0
2025-10-26,TUNÁPOLIS,0
2025-10-26,HERVAL D'OESTE,0
2025-10-26,CRICIÚMA,0
2025-10-26,GUARACIABA,1
2025-10-26,NAVEGANTES,1
2025-10-26,MARACAJÁ,0
2025-10-26,GUARUJÁ DO SUL,0
2025-10-26,DONA EMMA,0
2025-10-26,CORREIA PINTO,0
2025-10-26,ARARANGUÁ,0
2025-10-26,UNIÃO DO OESTE,0
2025-10-26,SÃO FRANCISCO DO SUL,2
2025-10-26,ÁGUAS DE CHAPECÓ,0
2025-10-26,MAJOR GERCINO,0
2025-10-26,NOVA ERECHIM,0
2025-10-26,SÃO BERNARDINO,0
2025-10-26,RIO DO CAMPO,0
2025-10-26,XANXERÊ,0
2025-10-26,BOM JESUS,0
2025-10-26,SANTA CECÍLIA,0
2025-10-26,BALNEÁRIO PIÇARRAS,3
2025-10-26,MAFRA,0
2025-10-26,SÃO BONIFÁCIO,0
2025-10-26,MORRO DA FUMAÇA,0
2025-10-26,MODELO,0
2025-10-26,MORRO GRANDE,0
2025-10-26,SÃO CARLOS,0
2025-10-26,MASSARANDUBA,0
2025-10-26,CORONEL MARTINS,0
2025-10-26,GUARAMIRIM,0
2025-10-26,ABELARDO LUZ,0
2025-10-26,MAJOR VIEIRA,0
2025-10-26,SÃO DOMINGOS,0
2025-10-26,VARGEM,0
2025-10-26,MONDAÍ,0
2025-10-26,MAREMA,0
2025-10-26,MONTE CARLO,0
2025-10-26,MIRIM DOCE,0
2025-10-26,BOM JESUS DO OESTE,0
2025-10-26,CAPIVARI DE BAIXO,0
2025-10-26,URUBICI,0
2025-10-26,MARAVILHA,0
2025-10-26,NOVA ITABERABA,0
2025-10-26,ARROIO TRINTA,0
2025-10-26,ANITA GARIBALDI,0
2025-10-26,SÃO MARTINHO,0
2025-10-26,SUL BRASIL,0
2025-10-26,BOM JARDIM DA SERRA,0
2025-10-26,BALNEÁRIO GAIVOTA,0
2025-10-26,OURO,0
2025-10-26,LEOBERTO LEAL,0
2025-10-26,SÃO MIGUEL DA BOA VISTA,0
2025-10-26,ABDON BATISTA,0
2025-10-26,CORDILHEIRA ALTA,0
2025-10-26,SÃO JOÃO BATISTA,0
2025-10-26,GRAVATAL,0
2025-10-26,OURO VERDE,0
2025-10-26,LAURO MÜLLER,0
2025-10-26,SOMBRIO,0
2025-10-26,VITOR MEIRELES,0
2025-10-26,URUSSANGA,0
2025-10-26,PAIAL,0
2025-10-26,LINDÓIA DO SUL,0
2025-10-26,ORLEANS,0
2025-10-26,CAMPOS NOVOS,0
2025-10-26,SÃO JOSÉ DO CEDRO,0
2025-10-26,ÁGUA DOCE,0
2025-10-26,CORONEL FREITAS,1
2025-10-26,LUZERNA,0
2025-10-26,NOVA TRENTO,0
2025-10-26,GUATAMBÚ,0
2025-10-26,SÃO JOSÉ,15
2025-10-26,RIO DAS ANTAS,0
2025-10-26,LUIZ ALVES,0
2025-10-26,LAURENTINO,0
2025-10-26,NOVA VENEZA,0
2025-10-26,GUABIRUBA,0
2025-10-26,BOMBINHAS,2
2025-10-26,ANCHIETA,0
2025-10-26,LONTRAS,0
2025-10-26,NOVO HORIZONTE,0
2025-10-26,CORUPÁ,0
2025-10-26,ERMO,0
2025-10-26,ALFREDO WAGNER,0
2025-10-26,SÃO BENTO DO SUL,0
2025-10-26,JARAGUÁ DO SUL,1
2025-10-26,SAUDADES,1
2025-10-26,PINHEIRO PRETO,0
2025-10-26,ITAPEMA,0
2025-10-26,FRAIBURGO,0
2025-10-26,CAMBORIÚ,4
2025-10-26,VIDAL RAMOS,0
2025-10-26,BELMONTE,0
2025-10-26,BARRA VELHA,1
2025-10-26,TAIÓ,0
2025-10-26,IPUMIRIM,0
2025-10-26,POUSO REDONDO,0
2025-10-26,XAXIM,0
2025-10-26,CAPÃO ALTO,0
2025-10-26,ITAPIRANGA,0
2025-10-26,FORMOSA DO SUL,0
2025-10-26,SANTA TEREZINHA,0
2025-10-26,AURORA,0
2025-10-26,INDAIAL,0
2025-10-26,PORTO UNIÃO,0
2025-10-26,AGROLÂNDIA,0
2025-10-26,ITUPORANGA,0
2025-10-26,PONTE SERRADA,0
2025-10-26,IPUAÇU,0
2025-10-26,CELSO RAMOS,0
2025-10-26,GALVÃO,0
2025-10-26,PRESIDENTE GETÚLIO,0
2025-10-26,TIGRINHOS,0
2025-10-26,ITAPOÁ,1
2025-10-26,PORTO BELO,3
2025-10-26,RIO DO SUL,0
2025-10-26,TIMBÉ DO SUL,0
2025-10-26,TIJUCAS,0
2025-10-26,VARGEÃO,0
2025-10-26,CANELINHA,0
2025-10-26,SÃO JOAQUIM,0
2025-10-26,TREVISO,0
2025-10-26,IMBITUBA,0
2025-10-26,IMBUIA,0
2025-10-26,QUILOMBO,0
2025-10-26,IRATI,0
2025-10-26,BALNEÁRIO ARROIO DO SILVA,0
2025-10-26,SALTO VELOSO,0
2025-10-26,CAMPO ALEGRE,0
2025-10-26,IRANI,0
2025-10-26,BRAÇO DO TROMBUDO,0
2025-10-26,RANCHO QUEIMADO,0
2025-10-26,PRINCESA,0
2025-10-26,DESCANSO,0
2025-10-26,TROMBUDO CENTRAL,0
2025-10-26,IRINEÓPOLIS,0
2025-10-26,BARRA BONITA,0
2025-10-26,APIÚNA,0
2025-10-26,CAÇADOR,1
2025-10-26,XAVANTINA,0
2025-10-26,ALTO BELA VISTA,0
2025-10-26,VIDEIRA,0
2025-10-26,DIONÍSIO CERQUEIRA,0
2025-10-26,SANTA HELENA,0
2025-10-26,ILHOTA,0
2025-10-26,ITAJAÍ,9
2025-10-26,RIO DO OESTE,0
2025-10-26,CAXAMBU DO SUL,0
2025-10-26,IRACEMINHA,0
2025-10-26,CAIBI,0
2025-10-26,TANGARÁ,0
2025-10-26,PRESIDENTE NEREU,0
2025-10-26,JACINTO MACHADO,0
2025-10-26,SALTINHO,0
2025-10-26,FLOR DO SERTÃO,0
2025-10-26,RIO DOS CEDROS,0
2025-10-26,FORQUILHINHA,0
2025-10-26,SALETE,0
2025-10-26,MONTE CASTELO,0
2025-10-26,POMERODE,0
2025-10-26,CANOINHAS,0
2025-10-26,CAPINZAL,0
2025-10-26,TREZE TÍLIAS,0
2025-10-26,JABORÁ,0
2025-10-26,SANTIAGO DO SUL,0
2025-10-26,RIQUEZA,0
2025-10-26,IPIRA,0
2025-10-26,PLANALTO ALEGRE,0
2025-10-26,SÃO MIGUEL DO OESTE,1
2025-10-26,BRUSQUE,0
2025-10-26,GRÃO-PARÁ,0
2025-10-26,ANTÔNIO CARLOS,0
2025-10-26,GAROPABA,0
2025-10-26,OTACÍLIO COSTA,0
2025-10-26,JAGUARUNA,0
2025-10-26,CATANDUVAS,0
2025-10-26,PIRATUBA,0
2025-10-26,FLORIANÓPOLIS,40
2025-10-26,RODEIO,0
2025-10-26,ARABUTÃ,0
2025-10-26,CHAPECÓ,43
2025-10-26,BANDEIRANTE,0
2025-10-26,SANTO AMARO DA IMPERATRIZ,1
2025-10-26,PINHALZINHO,0
2025-10-26,IOMERÊ,0
2025-10-26,DOUTOR PEDRINHO,0
2025-10-26,ROMELÂNDIA,0
2025-10-26,IÇARA,0
2025-10-26,TIMBÓ,0
2025-10-26,IPORÃ DO OESTE,0
2025-10-26,IMARUÍ,0
2025-10-26,TUBARÃO,0
2025-10-26,BOM RETIRO,0
2025-10-26,ÁGUAS MORNAS,0
2025-10-26,ASCURRA,0
2025-10-26,CURITIBANOS,0
2025-10-26,ITÁ,0
2025-10-26,PONTE ALTA,0
2025-10-26,RIO NEGRINHO,0
2025-10-26,PETROLÂNDIA,0
2025-10-26,SÃO PEDRO DE ALCÂNTARA,0
2025-10-26,SIDERÓPOLIS,0
2025-10-26,BENEDITO NOVO,0
2025-10-26,SANTA TEREZINHA DO PROGRESSO,0
2025-11-02,NOVA ERECHIM,0
2025-11-02,PETROLÂNDIA,0
2025-11-02,SALTINHO,0
2025-11-02,FLORIANÓPOLIS,38
2025-11-02,ERVAL VELHO,0
2025-11-02,RANCHO QUEIMADO,0
2025-11-02,SÃO BENTO DO SUL,0
2025-11-02,SÃO BERNARDINO,0
2025-11-02,CAXAMBU DO SUL,0
2025-11-02,RODEIO,0
2025-11-02,VIDAL RAMOS,0
2025-11-02,SÃO CARLOS,0
2025-11-02,GUARACIABA,0
2025-11-02,FLOR DO SERTÃO,0
2025-11-02,MODELO,0
2025-11-02,NAVEGANTES,0
2025-11-02,CAPIVARI DE BAIXO,0
2025-11-02,NOVA TRENTO,0
2025-11-02,ARARANGUÁ,0
2025-11-02,SALETE,0
2025-11-02,CORONEL FREITAS,0
2025-11-02,FORMOSA DO SUL,0
2025-11-02,SÃO BONIFÁCIO,0
2025-11-02,XANXERÊ,0
2025-11-02,ÁGUAS DE CHAPECÓ,0
2025-11-02,RIO NEGRINHO,0
2025-11-02,ANTÔNIO CARLOS,0
2025-11-02,BARRA VELHA,1
2025-11-02,RIO DO OESTE,0
2025-11-02,BARRA BONITA,0
2025-11-02,MORRO GRANDE,0
2025-11-02,RIO DOS CEDROS,0
2025-11-02,JACINTO MACHADO,0
2025-11-02,MONDAÍ,0
2025-11-02,NOVA ITABERABA,0
2025-11-02,MORRO DA FUMAÇA,0
2025-11-02,RIQUEZA,0
2025-11-02,URUBICI,0
2025-11-02,BOM JESUS,0
2025-11-02,AGROLÂNDIA,0
2025-11-02,RIO DAS ANTAS,0
2025-11-02,ROMELÂNDIA,0
2025-11-02,RIO DO SUL,0
2025-11-02,BALNEÁRIO PIÇARRAS,1
2025-11-02,CATANDUVAS,0
2025-11-02,VARGEM BONITA,0
2025-11-02,APIÚNA,0
2025-11-02,NOVA VENEZA,0
2025-11-02,POMERODE,0
2025-11-02,OTACÍLIO COSTA,0
2025-11-02,BENEDITO NOVO,0
2025-11-02,SCHROEDER,0
2025-11-02,PASSO DE TORRES,0
2025-11-02,FAXINAL DOS GUEDES,0
2025-11-02,ÁGUAS FRIAS,0
2025-11-02,VITOR MEIRELES,0
2025-11-02,PONTE ALTA,0
2025-11-02,SANTA TEREZINHA DO PROGRESSO,0
2025-11-02,PARAÍSO,0
2025-11-02,AGRONÔMICA,0
2025-11-02,GASPAR,0
2025-11-02,PRESIDENTE CASTELLO BRANCO,0
2025-11-02,ANITÁPOLIS,0
2025-11-02,PINHEIRO PRETO,0
2025-11-02,ÁGUAS MORNAS,0
2025-11-02,COCAL DO SUL,0
2025-11-02,PASSOS MAIA,0
2025-11-02,TURVO,0
2025-11-02,GRÃO-PARÁ,0
2025-11-02,CHAPECÓ,28
2025-11-02,ARABUTÃ,0
2025-11-02,SANTO AMARO DA IMPERATRIZ,1
2025-11-02,PERITIBA,0
2025-11-02,PINHALZINHO,1
2025-11-02,BALNEÁRIO CAMBORIÚ,0
2025-11-02,BALNEÁRIO ARROIO DO SILVA,0
2025-11-02,GAROPABA,0
2025-11-02,PAPANDUVA,0
2025-11-02,CANOINHAS,0
2025-11-02,PENHA,2
2025-11-02,SANTIAGO DO SUL,0
2025-11-02,GARUVA,0
2025-11-02,SAUDADES,0
2025-11-02,PAULO LOPES,0
2025-11-02,PLANALTO ALEGRE,0
2025-11-02,VIDEIRA,0
2025-11-02,BIGUAÇU,3
2025-11-02,PIRATUBA,0
2025-11-02,GALVÃO,0
2025-11-02,PONTE SERRADA,0
2025-11-02,CELSO RAMOS,0
2025-11-02,SANTA HELENA,0
2025-11-02,SOMBRIO,0
2025-11-02,GRAVATAL,0
2025-11-02,OURO,0
2025-11-02,CANELINHA,0
2025-11-02,CORDILHEIRA ALTA,0
2025-11-02,PRESIDENTE NEREU,0
2025-11-02,CAÇADOR,1
2025-11-02,PRESIDENTE GETÚLIO,0
2025-11-02,BOM JARDIM DA SERRA,0
2025-11-02,ORLEANS,0
2025-11-02,TIMBÉ DO SUL,0
2025-11-02,ERMO,0
2025-11-02,PRINCESA,0
2025-11-02,NOVO HORIZONTE,0
2025-11-02,SALTO VELOSO,0
2025-11-02,FORQUILHINHA,0
2025-11-02,GUABIRUBA,0
2025-11-02,SUL BRASIL,0
2025-11-02,QUILOMBO,0
2025-11-02,OURO VERDE,0
2025-11-02,PAIAL,0
2025-11-02,CONCÓRDIA,0
2025-11-02,SEARA,0
2025-11-02,PALMITOS,0
2025-11-02,PORTO BELO,1
2025-11-02,SANTA TEREZINHA,0
2025-11-02,BLUMENAU,1
2025-11-02,PALMA SOLA,0
2025-11-02,PORTO UNIÃO,0
2025-11-02,CAMPOS NOVOS,0
2025-11-02,VARGEÃO,0
2025-11-02,GOVERNADOR CELSO RAMOS,0
2025-11-02,PALHOÇA,4
2025-11-02,POUSO REDONDO,0
2025-11-02,BELMONTE,0
2025-11-02,ARAQUARI,2
2025-11-02,CAPÃO ALTO,0
2025-11-02,SERRA ALTA,0
2025-11-02,URUSSANGA,0
2025-11-02,FRAIBURGO,0
2025-11-02,CORONEL MARTINS,0
2025-11-02,ALFREDO WAGNER,0
2025-11-02,ITAJAÍ,10
2025-11-02,ENTRE RIOS,0
2025-11-02,LINDÓIA DO SUL,0
2025-11-02,CUNHA PORÃ,0
2025-11-02,SANTA CECÍLIA,0
2025-11-02,JUPIÁ,0
2025-11-02,IRINEÓPOLIS,0
2025-11-02,SÃO JOSÉ DO CEDRO,0
2025-11-02,CAMPO ERÊ,0
2025-11-02,LEOBERTO LEAL,0
2025-11-02,ABELARDO LUZ,0
2025-11-02,ITÁ,0
2025-11-02,MAJOR VIEIRA,0
2025-11-02,CAIBI,0
2025-11-02,IMARUÍ,1
2025-11-02,BALNEÁRIO RINCÃO,0
2025-11-02,SÃO PEDRO DE ALCÂNTARA,0
2025-11-02,ARVOREDO,0
2025-11-02,ARMAZÉM,0
2025-11-02,LUIZ ALVES,0
2025-11-02,GUATAMBÚ,0
2025-11-02,SÃO LOURENÇO DO OESTE,0
2025-11-02,LAGUNA,0
2025-11-02,IÇARA,0
2025-11-02,IRANI,0
2025-11-02,IRATI,0
2025-11-02,JOSÉ BOITEUX,0
2025-11-02,LONTRAS,0
2025-11-02,MONTE CARLO,0
2025-11-02,BOMBINHAS,3
2025-11-02,DESCANSO,0
2025-11-02,CORUPÁ,0
2025-11-02,BOM RETIRO,0
2025-11-02,TIGRINHOS,0
2025-11-02,SÃO JOSÉ,14
2025-11-02,HERVAL D'OESTE,0
2025-11-02,TANGARÁ,0
2025-11-02,BALNEÁRIO BARRA DO SUL,0
2025-11-02,ASCURRA,0
2025-11-02,SÃO JOÃO DO ITAPERIÚ,0
2025-11-02,LAGES,0
2025-11-02,SIDERÓPOLIS,0
2025-11-02,ITAPIRANGA,0
2025-11-02,BOTUVERÁ,0
2025-11-02,LAJEADO GRANDE,0
2025-11-02,MIRIM DOCE,0
2025-11-02,ZORTÉA,0
2025-11-02,CHAPADÃO DO LAGEADO,0
2025-11-02,ALTO BELA VISTA,0
2025-11-02,BRAÇO DO TROMBUDO,0
2025-11-02,ITAPOÁ,2
2025-11-02,IBICARÉ,0
2025-11-02,SÃO JOÃO BATISTA,0
2025-11-02,XAXIM,0
2025-11-02,TAIÓ,0
2025-11-02,TROMBUDO CENTRAL,0
2025-11-02,LAURO MÜLLER,0
2025-11-02,ANITA GARIBALDI,0
2025-11-02,SANGÃO,0
2025-11-02,LACERDÓPOLIS,0
2025-11-02,ITUPORANGA,0
2025-11-02,BANDEIRANTE,0
2025-11-02,IMBITUBA,0
2025-11-02,ITAPEMA,2
2025-11-02,TUNÁPOLIS,0
2025-11-02,CRICIÚMA,0
2025-11-02,SÃO JOÃO DO OESTE,0
2025-11-02,CURITIBANOS,0
2025-11-02,LAURENTINO,0
2025-11-02,CAMPO ALEGRE,0
2025-11-02,BRUSQUE,0
2025-11-02,IMBUIA,0
2025-11-02,TREVISO,0
2025-11-02,MARAVILHA,0
2025-11-02,JAGUARUNA,0
2025-11-02,UNIÃO DO OESTE,0
2025-11-02,XAVANTINA,0
2025-11-02,ILHOTA,0
2025-11-02,JOAÇABA,0
2025-11-02,SÃO JOAQUIM,0
2025-11-02,IPORÃ DO OESTE,0
2025-11-02,MARACAJÁ,0
2025-11-02,IRACEMINHA,0
2025-11-02,SÃO LUDGERO,0
2025-11-02,AURORA,0
2025-11-02,GUARUJÁ DO SUL,0
2025-11-02,SÃO FRANCISCO DO SUL,2
2025-11-02,DONA EMMA,0
2025-11-02,INDAIAL,0
2025-11-02,TREZE TÍLIAS,0
2025-11-02,BOM JESUS DO OESTE,0
2025-11-02,JARAGUÁ DO SUL,2
2025-11-02,IOMERÊ,0
2025-11-02,CUNHATAÍ,0
2025-11-02,ABDON BATISTA,0
2025-11-02,MASSARANDUBA,0
2025-11-02,SÃO MIGUEL DA BOA VISTA,0
2025-11-02,CAPINZAL,0
2025-11-02,GUARAMIRIM,0
2025-11-02,SÃO DOMINGOS,0
2025-11-02,JARDINÓPOLIS,0
2025-11-02,TIMBÓ,1
2025-11-02,MAREMA,0
2025-11-02,MONTE CASTELO,0
2025-11-02,IPIRA,0
2025-11-02,VARGEM,0
2025-11-02,MAJOR GERCINO,0
2025-11-02,BALNEÁRIO GAIVOTA,0
2025-11-02,IPUAÇU,0
2025-11-02,ARROIO TRINTA,0
2025-11-02,TUBARÃO,0
2025-11-02,DIONÍSIO CERQUEIRA,0
2025-11-02,JABORÁ,0
2025-11-02,LUZERNA,0
2025-11-02,JOINVILLE,6
2025-11-02,ÁGUA DOCE,0
2025-11-02,DOUTOR PEDRINHO,0
2025-11-02,CORREIA PINTO,0
2025-11-02,RIO DO CAMPO,0
2025-11-02,IBIRAMA,0
2025-11-02,SÃO MARTINHO,0
2025-11-02,MAFRA,0
2025-11-02,IPUMIRIM,0
2025-11-02,ANCHIETA,0
2025-11-02,TIJUCAS,1
2025-11-02,SÃO MIGUEL DO OESTE,3
2025-11-02,CAMBORIÚ,3
2025-11-02,BRAÇO DO NORTE,0
2025-11-09,MIRIM DOCE,0
2025-11-09,VIDEIRA,0
2025-11-09,ILHOTA,0
2025-11-09,POMERODE,0
2025-11-09,TUBARÃO,0
2025-11-09,PONTE ALTA,0
2025-11-09,IÇARA,0
2025-11-09,GALVÃO,0
2025-11-09,PINHALZINHO,3
2025-11-09,SÃO MIGUEL DO OESTE,0
2025-11-09,ITÁ,0
2025-11-09,GRÃO-PARÁ,0
2025-11-09,ITAPOÁ,2
2025-11-09,BENEDITO NOVO,0
2025-11-09,BALNEÁRIO CAMBORIÚ,5
2025-11-09,SÃO PEDRO DE ALCÂNTARA,0
2025-11-09,SANTA TEREZINHA DO PROGRESSO,0
2025-11-09,VITOR MEIRELES,0
2025-11-09,VARGEM BONITA,0
2025-11-09,ALTO BELA VISTA,0
2025-11-09,ITUPORANGA,0
2025-11-09,CELSO RAMOS,0
2025-11-09,PIRATUBA,0
2025-11-09,PLANALTO ALEGRE,0
2025-11-09,JAGUARUNA,0
2025-11-09,BRUSQUE,0
2025-11-09,SANTIAGO DO SUL,0
2025-11-09,JABORÁ,0
2025-11-09,IMARUÍ,0
2025-11-09,GAROPABA,0
2025-11-09,PONTE SERRADA,0
2025-11-09,CUNHATAÍ,0
2025-11-09,BRAÇO DO TROMBUDO,0
2025-11-09,PINHEIRO PRETO,0
2025-11-09,MAJOR VIEIRA,0
2025-11-09,ABELARDO LUZ,0
2025-11-09,SÃO CARLOS,0
2025-11-09,PORTO BELO,1
2025-11-09,XAVANTINA,0
2025-11-09,IPUAÇU,0
2025-11-09,SALETE,0
2025-11-09,RIO DO SUL,0
2025-11-09,TIJUCAS,1
2025-11-09,FORMOSA DO SUL,0
2025-11-09,PETROLÂNDIA,0
2025-11-09,IPUMIRIM,0
2025-11-09,DIONÍSIO CERQUEIRA,0
2025-11-09,RIO DO OESTE,0
2025-11-09,DOUTOR PEDRINHO,0
2025-11-09,TREZE TÍLIAS,0
2025-11-09,BARRA VELHA,2
2025-11-09,TIMBÉ DO SUL,0
2025-11-09,IRACEMINHA,0
2025-11-09,SALTINHO,0
2025-11-09,RANCHO QUEIMADO,0
2025-11-09,CAMBORIÚ,6
2025-11-09,ABDON BATISTA,0
2025-11-09,RIO DOS CEDROS,0
2025-11-09,IPORÃ DO OESTE,0
2025-11-09,RODEIO,0
2025-11-09,IOMERÊ,0
2025-11-09,ANITA GARIBALDI,0
2025-11-09,JACINTO MACHADO,0
2025-11-09,TIMBÓ,0
2025-11-09,SÃO JOAQUIM,0
2025-11-09,FLORIANÓPOLIS,45
2025-11-09,VARGEM,0
2025-11-09,FLOR DO SERTÃO,0
2025-11-09,RIQUEZA,0
2025-11-09,CATANDUVAS,0
2025-11-09,IPIRA,0
2025-11-09,ROMELÂNDIA,0
2025-11-09,RIO NEGRINHO,0
2025-11-09,AURORA,0
2025-11-09,VIDAL RAMOS,0
2025-11-09,AGROLÂNDIA,0
2025-11-09,INDAIAL,0
2025-11-09,BALNEÁRIO GAIVOTA,0
2025-11-09,IMBUIA,0
2025-11-09,CAXAMBU DO SUL,0
2025-11-09,IRANI,0
2025-11-09,PRESIDENTE GETÚLIO,0
2025-11-09,ITAPEMA,6
2025-11-09,SANTA HELENA,0
2025-11-09,TAIÓ,0
2025-11-09,BELMONTE,0
2025-11-09,POUSO REDONDO,0
2025-11-09,CAMPO ALEGRE,0
2025-11-09,ÁGUAS MORNAS,0
2025-11-09,IMBITUBA,0
2025-11-09,TURVO,0
2025-11-09,ITAPIRANGA,0
2025-11-09,PORTO UNIÃO,0
2025-11-09,XAXIM,1
2025-11-09,BOM RETIRO,0
2025-11-09,SIDERÓPOLIS,0
2025-11-09,ASCURRA,0
2025-11-09,SANTA TEREZINHA,0
2025-11-09,OTACÍLIO COSTA,0
2025-11-09,FRAIBURGO,0
2025-11-09,CURITIBANOS,0
2025-11-09,ITAJAÍ,165
2025-11-09,JARAGUÁ DO SUL,3
2025-11-09,TIGRINHOS,0
2025-11-09,QUILOMBO,0
2025-11-09,DESCANSO,0
2025-11-09,FORQUILHINHA,0
2025-11-09,CAPÃO ALTO,0
2025-11-09,CANELINHA,0
2025-11-09,IRATI,0
2025-11-09,ANTÔNIO CARLOS,0
2025-11-09,APIÚNA,0
2025-11-09,SALTO VELOSO,0
2025-11-09,SANTA CECÍLIA,0
2025-11-09,CAIBI,0
2025-11-09,IRINEÓPOLIS,0
2025-11-09,VARGEÃO,0
2025-11-09,PRESIDENTE NEREU,0
2025-11-09,TANGARÁ,0
2025-11-09,CAÇADOR,0
2025-11-09,TROMBUDO CENTRAL,0
2025-11-09,PRINCESA,0
2025-11-09,CHAPECÓ,29
2025-11-09,PENHA,3
2025-11-09,SÃO MIGUEL DA BOA VISTA,0
2025-11-09,BALNEÁRIO BARRA DO SUL,0
2025-11-09,CORUPÁ,0
2025-11-09,ORLEANS,0
2025-11-09,LINDÓIA DO SUL,0
2025-11-09,BOM JARDIM DA SERRA,0
2025-11-09,SUL BRASIL,0
2025-11-09,BOMBINHAS,3
2025-11-09,NOVO HORIZONTE,0
2025-11-09,ÁGUAS DE CHAPECÓ,0
2025-11-09,LONTRAS,0
2025-11-09,SÃO JOSÉ,12
2025-11-09,CAPIVARI DE BAIXO,0
2025-11-09,ARROIO TRINTA,0
2025-11-09,ALFREDO WAGNER,0
2025-11-09,NOVA VENEZA,0
2025-11-09,GUATAMBÚ,0
2025-11-09,GUABIRUBA,0
2025-11-09,SÃO JOSÉ DO CEDRO,3
2025-11-09,BALNEÁRIO PIÇARRAS,0
2025-11-09,CORDILHEIRA ALTA,0
2025-11-09,OURO,0
2025-11-09,URUSSANGA,0
2025-11-09,AGRONÔMICA,0
2025-11-09,CRICIÚMA,0
2025-11-09,SERRA ALTA,0
2025-11-09,LAURENTINO,0
2025-11-09,PAIAL,0
2025-11-09,CAMPOS NOVOS,0
2025-11-09,ERMO,0
2025-11-09,ARAQUARI,2
2025-11-09,SÃO JOÃO BATISTA,0
2025-11-09,BANDEIRANTE,0
2025-11-09,OURO VERDE,0
2025-11-09,HERVAL D'OESTE,0
2025-11-09,CANOINHAS,0
2025-11-09,LAURO MÜLLER,0
2025-11-09,SOMBRIO,4
2025-11-09,BALNEÁRIO RINCÃO,0
2025-11-09,GRAVATAL,0
2025-11-09,PALHOÇA,6
2025-11-09,LUIZ ALVES,0
2025-11-09,SÃO BENTO DO SUL,0
2025-11-09,BOM JESUS DO OESTE,0
2025-11-09,GUARACIABA,0
2025-11-09,SÃO MARTINHO,0
2025-11-09,MORRO DA FUMAÇA,0
2025-11-09,MARAVILHA,0
2025-11-09,UNIÃO DO OESTE,0
2025-11-09,SÃO DOMINGOS,0
2025-11-09,ARARANGUÁ,0
2025-11-09,SÃO BONIFÁCIO,0
2025-11-09,MONDAÍ,0
2025-11-09,MAREMA,0
2025-11-09,ERVAL VELHO,0
2025-11-09,GUARAMIRIM,2
2025-11-09,CORONEL MARTINS,0
2025-11-09,MASSARANDUBA,0
2025-11-09,MODELO,0
2025-11-09,BARRA BONITA,0
2025-11-09,DONA EMMA,0
2025-11-09,RIO DO CAMPO,0
2025-11-09,BOM JESUS,0
2025-11-09,MARACAJÁ,0
2025-11-09,NOVA TRENTO,0
2025-11-09,CAMPO ERÊ,0
2025-11-09,URUBICI,0
2025-11-09,LUZERNA,0
2025-11-09,NOVA ITABERABA,0
2025-11-09,ÁGUA DOCE,0
2025-11-09,CORONEL FREITAS,0
2025-11-09,MAFRA,0
2025-11-09,RIO DAS ANTAS,0
2025-11-09,SÃO FRANCISCO DO SUL,6
2025-11-09,NOVA ERECHIM,0
2025-11-09,CORREIA PINTO,0
2025-11-09,MAJOR GERCINO,0
2025-11-09,GUARUJÁ DO SUL,0
2025-11-09,SÃO BERNARDINO,0
2025-11-09,MORRO GRANDE,0
2025-11-09,NAVEGANTES,2
2025-11-09,ANCHIETA,1
2025-11-09,GOVERNADOR CELSO RAMOS,0
2025-11-09,TUNÁPOLIS,0
2025-11-09,BLUMENAU,26
2025-11-09,SÃO LOURENÇO DO OESTE,0
2025-11-09,ARVOREDO,0
2025-11-09,COCAL DO SUL,0
2025-11-09,LAJEADO GRANDE,0
2025-11-09,JOSÉ BOITEUX,0
2025-11-09,CUNHA PORÃ,0
2025-11-09,PASSO DE TORRES,0
2025-11-09,PASSOS MAIA,0
2025-11-09,SANGÃO,0
2025-11-09,ENTRE RIOS,0
2025-11-09,SCHROEDER,0
2025-11-09,JUPIÁ,0
2025-11-09,PARAÍSO,0
2025-11-09,ARMAZÉM,0
2025-11-09,LACERDÓPOLIS,0
2025-11-09,SÃO JOÃO DO OESTE,0
2025-11-09,ÁGUAS FRIAS,0
2025-11-09,GASPAR,2
2025-11-09,BIGUAÇU,1
2025-11-09,FAXINAL DOS GUEDES,0
2025-11-09,SANTO AMARO DA IMPERATRIZ,1
2025-11-09,PERITIBA,0
2025-11-09,JARDINÓPOLIS,0
2025-11-09,CAPINZAL,0
2025-11-09,ARABUTÃ,0
2025-11-09,MONTE CASTELO,0
2025-11-09,SÃO LUDGERO,0
2025-11-09,ANITÁPOLIS,0
2025-11-09,TREVISO,0
2025-11-09,GARUVA,0
2025-11-09,MONTE CARLO,0
2025-11-09,SAUDADES,0
2025-11-09,PAULO LOPES,0
2025-11-09,BRAÇO DO NORTE,0
2025-11-09,IBIRAMA,0
2025-11-09,JOINVILLE,11
2025-11-09,JOAÇABA,0
2025-11-09,PAPANDUVA,0
2025-11-09,BALNEÁRIO ARROIO DO SILVA,0
2025-11-09,LEOBERTO LEAL,0
2025-11-09,SEARA,0
2025-11-09,PALMA SOLA,0
2025-11-09,CHAPADÃO DO LAGEADO,0
2025-11-09,CONCÓRDIA,0
2025-11-09,LAGUNA,0
2025-11-09,XANXERÊ,1
2025-11-09,PALMITOS,0
2025-11-09,ZORTÉA,0
2025-11-09,BOTUVERÁ,0
2025-11-09,SÃO JOÃO DO ITAPERIÚ,0
2025-11-09,IBICARÉ,0
2025-11-09,LAGES,0
2025-11-09,PRESIDENTE CASTELLO BRANCO,0
2025-11-16,ERMO,0
2025-11-16,DONA EMMA,0
2025-11-16,SÃO CARLOS,0
2025-11-16,BOM RETIRO,0
2025-11-16,TUBARÃO,0
2025-11-16,AGROLÂNDIA,0
2025-11-16,SANTIAGO DO SUL,0
2025-11-16,URUSSANGA,0
2025-11-16,SANTA HELENA,0
2025-11-16,ALFREDO WAGNER,0
2025-11-16,MAJOR VIEIRA,0
2025-11-16,SERRA ALTA,0
2025-11-16,JACINTO MACHADO,0
2025-11-16,SAUDADES,0
2025-11-16,TIJUCAS,4
2025-11-16,SÃO BERNARDINO,0
2025-11-16,OTACÍLIO COSTA,0
2025-11-16,ABDON BATISTA,0
2025-11-16,SÃO LUDGERO,0
2025-11-16,VIDAL RAMOS,0
2025-11-16,VIDEIRA,0
2025-11-16,ÁGUAS MORNAS,0
2025-11-16,ALTO BELA VISTA,0
2025-11-16,CHAPADÃO DO LAGEADO,0
2025-11-16,UNIÃO DO OESTE,0
2025-11-16,SÃO BONIFÁCIO,0
2025-11-16,TIMBÓ,1
2025-11-16,ANCHIETA,1
2025-11-16,SANTO AMARO DA IMPERATRIZ,0
2025-11-16,ANITÁPOLIS,0
2025-11-16,ANITA GARIBALDI,0
2025-11-16,MONTE CARLO,0
2025-11-16,GRÃO-PARÁ,0
2025-11-16,ZORTÉA,0
2025-11-16,SÃO DOMINGOS,0
2025-11-16,ROMELÂNDIA,0
2025-11-16,VARGEM BONITA,0
2025-11-16,VARGEÃO,0
2025-11-16,SÃO JOÃO BATISTA,0
2025-11-16,TIGRINHOS,0
2025-11-16,MIRIM DOCE,0
2025-11-16,ABELARDO LUZ,0
2025-11-16,SOMBRIO,0
2025-11-16,SALTINHO,0
2025-11-16,TANGARÁ,0
2025-11-16,SCHROEDER,2
2025-11-16,SÃO JOSÉ,4
2025-11-16,BRAÇO DO TROMBUDO,0
2025-11-16,SÃO PEDRO DE ALCÂNTARA,0
2025-11-16,SÃO JOÃO DO OESTE,0
2025-11-16,SUL BRASIL,0
2025-11-16,ÁGUAS DE CHAPECÓ,0
2025-11-16,SALTO VELOSO,0
2025-11-16,TUNÁPOLIS,0
2025-11-16,SÃO JOSÉ DO CEDRO,0
2025-11-16,BALNEÁRIO ARROIO DO SILVA,0
2025-11-16,SÃO MIGUEL DA BOA VISTA,0
2025-11-16,TAIÓ,0
2025-11-16,ÁGUAS FRIAS,0
2025-11-16,SÃO BENTO DO SUL,0
2025-11-16,SEARA,0
2025-11-16,ARMAZÉM,0
2025-11-16,XANXERÊ,5
2025-11-16,SÃO FRANCISCO DO SUL,4
2025-11-16,SANTA TEREZINHA,0
2025-11-16,ÁGUA DOCE,0
2025-11-16,XAVANTINA,0
2025-11-16,MONTE CASTELO,0
2025-11-16,SÃO JOÃO DO ITAPERIÚ,0
2025-11-16,XAXIM,5
2025-11-16,SÃO LOURENÇO DO OESTE,1
2025-11-16,MORRO GRANDE,0
2025-11-16,SÃO MIGUEL DO OESTE,0
2025-11-16,TROMBUDO CENTRAL,0
2025-11-16,URUBICI,0
2025-11-16,AGRONÔMICA,0
2025-11-16,TREZE TÍLIAS,0
2025-11-16,SANTA TEREZINHA DO PROGRESSO,0
2025-11-16,SALETE,0
2025-11-16,BARRA BONITA,0
2025-11-16,LAURO MÜLLER,0
2025-11-16,CAPINZAL,0
2025-11-16,LONTRAS,0
2025-11-16,ARROIO TRINTA,0
2025-11-16,LINDÓIA DO SUL,0
2025-11-16,LEOBERTO LEAL,0
2025-11-16,CAPIVARI DE BAIXO,0
2025-11-16,CAPÃO ALTO,0
2025-11-16,LAURENTINO,0
2025-11-16,LAJEADO GRANDE,0
2025-11-16,LAGUNA,0
2025-11-16,CATANDUVAS,1
2025-11-16,LAGES,0
2025-11-16,LACERDÓPOLIS,0
2025-11-16,JUPIÁ,0
2025-11-16,CAXAMBU DO SUL,0
2025-11-16,JOSÉ BOITEUX,0
2025-11-16,SANGÃO,0
2025-11-16,JOINVILLE,162
2025-11-16,TURVO,0
2025-11-16,ARVOREDO,0
2025-11-16,CAÇADOR,0
2025-11-16,JOAÇABA,1
2025-11-16,JARDINÓPOLIS,0
2025-11-16,CELSO RAMOS,0
2025-11-16,JARAGUÁ DO SUL,24
2025-11-16,SANTA CECÍLIA,0
2025-11-16,CHAPECÓ,73
2025-11-16,JAGUARUNA,0
2025-11-16,JABORÁ,0
2025-11-16,RIO DO CAMPO,0
2025-11-16,LUIZ ALVES,1
2025-11-16,BALNEÁRIO RINCÃO,0
2025-11-16,LUZERNA,0
2025-11-16,PAIAL,0
2025-11-16,OURO VERDE,0
2025-11-16,ARAQUARI,6
2025-11-16,CAIBI,0
2025-11-16,OURO,0
2025-11-16,VARGEM,0
2025-11-16,ORLEANS,0
2025-11-16,CAMBORIÚ,11
2025-11-16,NOVO HORIZONTE,0
2025-11-16,NOVA VENEZA,0
2025-11-16,NOVA TRENTO,0
2025-11-16,CAMPO ALEGRE,0
2025-11-16,NOVA ITABERABA,0
2025-11-16,NOVA ERECHIM,0
2025-11-16,IÇARA,0
2025-11-16,RIO DAS ANTAS,0
2025-11-16,NAVEGANTES,2
2025-11-16,CAMPOS NOVOS,0
2025-11-16,MORRO DA FUMAÇA,0
2025-11-16,MONDAÍ,0
2025-11-16,ARARANGUÁ,0
2025-11-16,MODELO,0
2025-11-16,CANELINHA,2
2025-11-16,MASSARANDUBA,0
2025-11-16,MAREMA,0
2025-11-16,MARAVILHA,3
2025-11-16,MARACAJÁ,0
2025-11-16,MAJOR GERCINO,0
2025-11-16,CANOINHAS,0
2025-11-16,MAFRA,0
2025-11-16,CAMPO ERÊ,0
2025-11-16,BRUSQUE,0
2025-11-16,ITÁ,0
2025-11-16,COCAL DO SUL,0
2025-11-16,CUNHATAÍ,0
2025-11-16,HERVAL D'OESTE,1
2025-11-16,GUATAMBÚ,0
2025-11-16,BALNEÁRIO BARRA DO SUL,1
2025-11-16,GUARUJÁ DO SUL,0
2025-11-16,GUARAMIRIM,6
2025-11-16,CURITIBANOS,0
2025-11-16,SÃO MARTINHO,0
2025-11-16,GUARACIABA,0
2025-11-16,GUABIRUBA,0
2025-11-16,DESCANSO,0
2025-11-16,GRAVATAL,0
2025-11-16,BALNEÁRIO GAIVOTA,0
2025-11-16,GOVERNADOR CELSO RAMOS,1
2025-11-16,GASPAR,4
2025-11-16,DIONÍSIO CERQUEIRA,0
2025-11-16,GARUVA,2
2025-11-16,GAROPABA,0
2025-11-16,DOUTOR PEDRINHO,0
2025-11-16,GALVÃO,0
2025-11-16,BALNEÁRIO CAMBORIÚ,9
2025-11-16,FRAIBURGO,0
2025-11-16,ENTRE RIOS,0
2025-11-16,FORQUILHINHA,0
2025-11-16,FORMOSA DO SUL,0
2025-11-16,TIMBÉ DO SUL,0
2025-11-16,FLORIANÓPOLIS,44
2025-11-16,FLOR DO SERTÃO,0
2025-11-16,ERVAL VELHO,0
2025-11-16,IBICARÉ,0
2025-11-16,IBIRAMA,0
2025-11-16,CUNHA PORÃ,0
2025-11-16,ILHOTA,1
2025-11-16,ITAPOÁ,8
2025-11-16,ITAPIRANGA,0
2025-11-16,ASCURRA,0
2025-11-16,SIDERÓPOLIS,0
2025-11-16,ITAPEMA,0
2025-11-16,CONCÓRDIA,4
2025-11-16,ITAJAÍ,153
2025-11-16,BALNEÁRIO PIÇARRAS,0
2025-11-16,CORDILHEIRA ALTA,0
2025-11-16,IRINEÓPOLIS,0
2025-11-16,IRATI,0
2025-11-16,IRANI,0
2025-11-16,CORONEL FREITAS,0
2025-11-16,IRACEMINHA,0
2025-11-16,ITUPORANGA,0
2025-11-16,IPUMIRIM,0
2025-11-16,IPUAÇU,0
2025-11-16,IPORÃ DO OESTE,0
2025-11-16,IPIRA,0
2025-11-16,AURORA,0
2025-11-16,CORREIA PINTO,0
2025-11-16,IOMERÊ,0
2025-11-16,SÃO JOAQUIM,0
2025-11-16,INDAIAL,1
2025-11-16,CORUPÁ,1
2025-11-16,IMBUIA,0
2025-11-16,CRICIÚMA,0
2025-11-16,IMBITUBA,0
2025-11-16,IMARUÍ,0
2025-11-16,TREVISO,0
2025-11-16,CORONEL MARTINS,0
2025-11-16,PALHOÇA,2
2025-11-16,FAXINAL DOS GUEDES,0
2025-11-16,RIQUEZA,0
2025-11-16,QUILOMBO,0
2025-11-16,PARAÍSO,0
2025-11-16,BOTUVERÁ,0
2025-11-16,PIRATUBA,0
2025-11-16,PASSO DE TORRES,0
2025-11-16,ARABUTÃ,0
2025-11-16,VITOR MEIRELES,0
2025-11-16,PASSOS MAIA,0
2025-11-16,PRINCESA,0
2025-11-16,BENEDITO NOVO,0
2025-11-16,RIO DOS CEDROS,0
2025-11-16,BANDEIRANTE,0
2025-11-16,PORTO UNIÃO,0
2025-11-16,RIO DO SUL,0
2025-11-16,PINHALZINHO,10
2025-11-16,PRESIDENTE NEREU,0
2025-11-16,BOM JESUS DO OESTE,0
2025-11-16,BLUMENAU,52
2025-11-16,PAULO LOPES,0
2025-11-16,POUSO REDONDO,0
2025-11-16,BIGUAÇU,3
2025-11-16,PRESIDENTE GETÚLIO,0
2025-11-16,BOMBINHAS,2
2025-11-16,BARRA VELHA,1
2025-11-16,APIÚNA,0
2025-11-16,PENHA,2
2025-11-16,PERITIBA,0
2025-11-16,PONTE SERRADA,0
2025-11-16,BOM JARDIM DA SERRA,0
2025-11-16,PORTO BELO,1
2025-11-16,RODEIO,0
2025-11-16,PLANALTO ALEGRE,0
2025-11-16,PRESIDENTE CASTELLO BRANCO,0
2025-11-16,RANCHO QUEIMADO,0
2025-11-16,BELMONTE,0
2025-11-16,RIO NEGRINHO,0
2025-11-16,PETROLÂNDIA,0
2025-11-16,PALMITOS,0
2025-11-16,PINHEIRO PRETO,0
2025-11-16,BOM JESUS,0
2025-11-16,BRAÇO DO NORTE,1
2025-11-16,ANTÔNIO CARLOS,0
2025-11-16,POMERODE,1
2025-11-16,PAPANDUVA,0
2025-11-16,PONTE ALTA,0
2025-11-16,PALMA SOLA,0
2025-11-16,RIO DO OESTE,0
2025-11-23,POUSO REDONDO,0
2025-11-23,TAIÓ,0
2025-11-23,PORTO UNIÃO,0
2025-11-23,ASCURRA,0
2025-11-23,IRATI,0
2025-11-23,SIDERÓPOLIS,0
2025-11-23,ÁGUAS MORNAS,0
2025-11-23,CONCÓRDIA,4
2025-11-23,ITAJAÍ,9
2025-11-23,ÁGUAS DE CHAPECÓ,0
2025-11-23,JARDINÓPOLIS,0
2025-11-23,GASPAR,0
2025-11-23,APIÚNA,0
2025-11-23,ALTO BELA VISTA,0
2025-11-23,SANTA TEREZINHA DO PROGRESSO,0
2025-11-23,IRINEÓPOLIS,0
2025-11-23,TANGARÁ,0
2025-11-23,XAVANTINA,0
2025-11-23,CAÇADOR,0
2025-11-23,CORDILHEIRA ALTA,0
2025-11-23,PONTE ALTA,0
2025-11-23,BALNEÁRIO PIÇARRAS,0
2025-11-23,ITAPEMA,0
2025-11-23,CHAPECÓ,52
2025-11-23,JABORÁ,0
2025-11-23,PRESIDENTE CASTELLO BRANCO,0
2025-11-23,IÇARA,0
2025-11-23,GAROPABA,0
2025-11-23,SÃO MIGUEL DO OESTE,0
2025-11-23,SÃO MIGUEL DA BOA VISTA,0
2025-11-23,DIONÍSIO CERQUEIRA,0
2025-11-23,PONTE SERRADA,0
2025-11-23,ITÁ,0
2025-11-23,GARUVA,2
2025-11-23,ÁGUAS FRIAS,0
2025-11-23,POMERODE,0
2025-11-23,ITUPORANGA,0
2025-11-23,BLUMENAU,18
2025-11-23,ITAPOÁ,10
2025-11-23,SÃO PEDRO DE ALCÂNTARA,0
2025-11-23,COCAL DO SUL,0
2025-11-23,SANTA TEREZINHA,0
2025-11-23,RIO DOS CEDROS,0
2025-11-23,JARAGUÁ DO SUL,26
2025-11-23,ITAPIRANGA,0
2025-11-23,PORTO BELO,3
2025-11-23,ERMO,0
2025-11-23,JAGUARUNA,0
2025-11-23,CELSO RAMOS,0
2025-11-23,BOM JARDIM DA SERRA,0
2025-11-23,URUSSANGA,0
2025-11-23,RODEIO,0
2025-11-23,SANTA HELENA,0
2025-11-23,TROMBUDO CENTRAL,0
2025-11-23,ZORTÉA,0
2025-11-23,CRICIÚMA,0
2025-11-23,ALFREDO WAGNER,0
2025-11-23,BALNEÁRIO GAIVOTA,0
2025-11-23,IMARUÍ,0
2025-11-23,QUILOMBO,0
2025-11-23,ILHOTA,3
2025-11-23,GRÃO-PARÁ,0
2025-11-23,URUBICI,0
2025-11-23,TUBARÃO,0
2025-11-23,CUNHA PORÃ,0
2025-11-23,IBIRAMA,0
2025-11-23,BELMONTE,0
2025-11-23,GUABIRUBA,0
2025-11-23,IBICARÉ,0
2025-11-23,SALTINHO,0
2025-11-23,VITOR MEIRELES,0
2025-11-23,RIO DO OESTE,0
2025-11-23,UNIÃO DO OESTE,0
2025-11-23,GUARAMIRIM,2
2025-11-23,XAXIM,0
2025-11-23,BALNEÁRIO BARRA DO SUL,0
2025-11-23,BARRA VELHA,0
2025-11-23,GUARUJÁ DO SUL,0
2025-11-23,RANCHO QUEIMADO,0
2025-11-23,GUATAMBÚ,0
2025-11-23,TUNÁPOLIS,0
2025-11-23,CUNHATAÍ,0
2025-11-23,HERVAL D'OESTE,0
2025-11-23,PETROLÂNDIA,0
2025-11-23,SÃO MARTINHO,0
2025-11-23,IMBITUBA,0
2025-11-23,SALETE,0
2025-11-23,PRINCESA,0
2025-11-23,ÁGUA DOCE,0
2025-11-23,IPORÃ DO OESTE,0
2025-11-23,RIO DO SUL,0
2025-11-23,GOVERNADOR CELSO RAMOS,0
2025-11-23,TIJUCAS,0
2025-11-23,CORONEL MARTINS,0
2025-11-23,IPIRA,0
2025-11-23,SÃO LUDGERO,0
2025-11-23,PRESIDENTE GETÚLIO,0
2025-11-23,IPUMIRIM,0
2025-11-23,IRACEMINHA,0
2025-11-23,CORONEL FREITAS,0
2025-11-23,TIGRINHOS,0
2025-11-23,BIGUAÇU,18
2025-11-23,IPUAÇU,0
2025-11-23,IRANI,0
2025-11-23,PRESIDENTE NEREU,0
2025-11-23,IOMERÊ,0
2025-11-23,IMBUIA,0
2025-11-23,TREVISO,0
2025-11-23,DESCANSO,0
2025-11-23,MONTE CARLO,0
2025-11-23,CORUPÁ,0
2025-11-23,TREZE TÍLIAS,0
2025-11-23,OTACÍLIO COSTA,0
2025-11-23,SÃO JOAQUIM,0
2025-11-23,GRAVATAL,0
2025-11-23,SALTO VELOSO,0
2025-11-23,AURORA,0
2025-11-23,BENEDITO NOVO,0
2025-11-23,CORREIA PINTO,0
2025-11-23,TIMBÓ,1
2025-11-23,INDAIAL,0
2025-11-23,VARGEM BONITA,0
2025-11-23,SÃO LOURENÇO DO OESTE,0
2025-11-23,PAULO LOPES,0
2025-11-23,PASSOS MAIA,0
2025-11-23,BALNEÁRIO ARROIO DO SILVA,0
2025-11-23,SÃO BONIFÁCIO,0
2025-11-23,MONDAÍ,0
2025-11-23,XANXERÊ,1
2025-11-23,MAJOR VIEIRA,0
2025-11-23,ANCHIETA,0
2025-11-23,MORRO DA FUMAÇA,0
2025-11-23,RIO DAS ANTAS,0
2025-11-23,PASSO DE TORRES,0
2025-11-23,CAMPO ERÊ,0
2025-11-23,SÃO BERNARDINO,0
2025-11-23,NAVEGANTES,2
2025-11-23,CHAPADÃO DO LAGEADO,0
2025-11-23,ENTRE RIOS,0
2025-11-23,PARAÍSO,0
2025-11-23,CAMPOS NOVOS,0
2025-11-23,MODELO,2
2025-11-23,ARVOREDO,0
2025-11-23,SÃO DOMINGOS,0
2025-11-23,MARAVILHA,1
2025-11-23,ABDON BATISTA,0
2025-11-23,MAREMA,0
2025-11-23,BALNEÁRIO RINCÃO,0
2025-11-23,VIDAL RAMOS,0
2025-11-23,RIQUEZA,0
2025-11-23,SAUDADES,0
2025-11-23,MASSARANDUBA,0
2025-11-23,BOMBINHAS,2
2025-11-23,SÃO CARLOS,0
2025-11-23,ARARANGUÁ,0
2025-11-23,FLORIANÓPOLIS,26
2025-11-23,CANELINHA,0
2025-11-23,FORMOSA DO SUL,0
2025-11-23,NOVA ERECHIM,0
2025-11-23,SCHROEDER,0
2025-11-23,VARGEM,0
2025-11-23,ARAQUARI,5
2025-11-23,SEARA,0
2025-11-23,OURO VERDE,0
2025-11-23,ERVAL VELHO,0
2025-11-23,BRUSQUE,0
2025-11-23,SOMBRIO,0
2025-11-23,BRAÇO DO NORTE,2
2025-11-23,FAXINAL DOS GUEDES,0
2025-11-23,SERRA ALTA,0
2025-11-23,PAIAL,0
2025-11-23,PALMA SOLA,0
2025-11-23,VIDEIRA,0
2025-11-23,PALHOÇA,0
2025-11-23,BRAÇO DO TROMBUDO,0
2025-11-23,TIMBÉ DO SUL,0
2025-11-23,CAIBI,0
2025-11-23,PALMITOS,0
2025-11-23,NOVA ITABERABA,0
2025-11-23,CAMPO ALEGRE,0
2025-11-23,SÃO BENTO DO SUL,0
2025-11-23,NOVA TRENTO,0
2025-11-23,BOTUVERÁ,0
2025-11-23,NOVA VENEZA,0
2025-11-23,OURO,0
2025-11-23,BOM RETIRO,0
2025-11-23,NOVO HORIZONTE,0
2025-11-23,MORRO GRANDE,0
2025-11-23,FLOR DO SERTÃO,0
2025-11-23,SUL BRASIL,0
2025-11-23,CAMBORIÚ,4
2025-11-23,ORLEANS,0
2025-11-23,PAPANDUVA,0
2025-11-23,MARACAJÁ,0
2025-11-23,GUARACIABA,0
2025-11-23,MAJOR GERCINO,0
2025-11-23,LAGES,0
2025-11-23,BARRA BONITA,0
2025-11-23,AGROLÂNDIA,0
2025-11-23,DOUTOR PEDRINHO,0
2025-11-23,SÃO JOÃO DO ITAPERIÚ,0
2025-11-23,LAGUNA,0
2025-11-23,SANTIAGO DO SUL,0
2025-11-23,FRAIBURGO,0
2025-11-23,LAJEADO GRANDE,0
2025-11-23,ANITA GARIBALDI,0
2025-11-23,DONA EMMA,0
2025-11-23,LAURENTINO,0
2025-11-23,ROMELÂNDIA,0
2025-11-23,ARMAZÉM,0
2025-11-23,ANITÁPOLIS,0
2025-11-23,CATANDUVAS,0
2025-11-23,LACERDÓPOLIS,0
2025-11-23,PIRATUBA,0
2025-11-23,JOAÇABA,0
2025-11-23,SANGÃO,0
2025-11-23,BOM JESUS,0
2025-11-23,CURITIBANOS,0
2025-11-23,JOINVILLE,157
2025-11-23,CAXAMBU DO SUL,0
2025-11-23,PLANALTO ALEGRE,0
2025-11-23,JOSÉ BOITEUX,0
2025-11-23,PINHEIRO PRETO,0
2025-11-23,GALVÃO,0
2025-11-23,JUPIÁ,0
2025-11-23,MONTE CASTELO,0
2025-11-23,TURVO,0
2025-11-23,SÃO JOÃO DO OESTE,0
2025-11-23,RIO NEGRINHO,0
2025-11-23,BALNEÁRIO CAMBORIÚ,10
2025-11-23,SÃO JOÃO BATISTA,0
2025-11-23,CAPÃO ALTO,0
2025-11-23,CAPINZAL,0
2025-11-23,BANDEIRANTE,0
2025-11-23,LUIZ ALVES,0
2025-11-23,ABELARDO LUZ,0
2025-11-23,SANTO AMARO DA IMPERATRIZ,0
2025-11-23,PENHA,0
2025-11-23,CANOINHAS,0
2025-11-23,SÃO JOSÉ,5
2025-11-23,SANTA CECÍLIA,0
2025-11-23,LONTRAS,0
2025-11-23,PERITIBA,0
2025-11-23,BOM JESUS DO OESTE,0
2025-11-23,RIO DO CAMPO,0
2025-11-23,LUZERNA,0
2025-11-23,ANTÔNIO CARLOS,0
2025-11-23,ARROIO TRINTA,0
2025-11-23,VARGEÃO,0
2025-11-23,LAURO MÜLLER,0
2025-11-23,ARABUTÃ,0
2025-11-23,CAPIVARI DE BAIXO,0
2025-11-23,PINHALZINHO,2
2025-11-23,LINDÓIA DO SUL,0
2025-11-23,LEOBERTO LEAL,0
2025-11-23,MAFRA,0
2025-11-23,JACINTO MACHADO,0
2025-11-23,SÃO JOSÉ DO CEDRO,0
2025-11-23,FORQUILHINHA,0
2025-11-23,SÃO FRANCISCO DO SUL,1
2025-11-23,AGRONÔMICA,0
2025-11-23,MIRIM DOCE,0
2025-11-30,BARRA VELHA,1
2025-11-30,BARRA BONITA,0
2025-11-30,DOUTOR PEDRINHO,0
2025-11-30,CURITIBANOS,0
2025-11-30,DESCANSO,0
2025-11-30,XANXERÊ,0
2025-11-30,VITOR MEIRELES,0
2025-11-30,ENTRE RIOS,0
2025-11-30,JACINTO MACHADO,0
2025-11-30,XAVANTINA,0
2025-11-30,DIONÍSIO CERQUEIRA,0
2025-11-30,BRAÇO DO NORTE,0
2025-11-30,XAXIM,0
2025-11-30,TURVO,0
2025-11-30,CAPÃO ALTO,0
2025-11-30,BANDEIRANTE,0
2025-11-30,CAPIVARI DE BAIXO,0
2025-11-30,ERVAL VELHO,0
2025-11-30,AGRONÔMICA,0
2025-11-30,ABDON BATISTA,0
2025-11-30,CAPINZAL,0
2025-11-30,BOM JESUS DO OESTE,0
2025-11-30,CANOINHAS,0
2025-11-30,ARMAZÉM,0
2025-11-30,MAJOR VIEIRA,0
2025-11-30,CANELINHA,0
2025-11-30,BALNEÁRIO RINCÃO,0
2025-11-30,BOMBINHAS,3
2025-11-30,CAMPOS NOVOS,0
2025-11-30,BALNEÁRIO ARROIO DO SILVA,0
2025-11-30,CHAPADÃO DO LAGEADO,0
2025-11-30,CAMPO ERÊ,0
2025-11-30,CAMPO ALEGRE,0
2025-11-30,CAMBORIÚ,4
2025-11-30,BOM RETIRO,0
2025-11-30,BOTUVERÁ,0
2025-11-30,CAIBI,0
2025-11-30,BRUSQUE,0
2025-11-30,BRAÇO DO TROMBUDO,0
2025-11-30,VARGEM,0
2025-11-30,AGROLÂNDIA,0
2025-11-30,BALNEÁRIO GAIVOTA,0
2025-11-30,DONA EMMA,0
2025-11-30,BOM JESUS,0
2025-11-30,CUNHATAÍ,0
2025-11-30,CUNHA PORÃ,0
2025-11-30,GRÃO-PARÁ,0
2025-11-30,CRICIÚMA,0
2025-11-30,BELMONTE,0
2025-11-30,ZORTÉA,0
2025-11-30,CORUPÁ,0
2025-11-30,TREVISO,0
2025-11-30,CORREIA PINTO,0
2025-11-30,BENEDITO NOVO,0
2025-11-30,ÁGUA DOCE,0
2025-11-30,CORONEL MARTINS,0
2025-11-30,CORONEL FREITAS,0
2025-11-30,CORDILHEIRA ALTA,0
2025-11-30,BIGUAÇU,1
2025-11-30,ÁGUAS DE CHAPECÓ,0
2025-11-30,CONCÓRDIA,0
2025-11-30,ERMO,0
2025-11-30,COCAL DO SUL,0
2025-11-30,BLUMENAU,19
2025-11-30,ÁGUAS FRIAS,0
2025-11-30,BALNEÁRIO PIÇARRAS,0
2025-11-30,CELSO RAMOS,0
2025-11-30,CAÇADOR,0
2025-11-30,ÁGUAS MORNAS,0
2025-11-30,BOM JARDIM DA SERRA,0
2025-11-30,CAXAMBU DO SUL,0
2025-11-30,CATANDUVAS,0
2025-11-30,CHAPECÓ,12
2025-11-30,MASSARANDUBA,0
2025-11-30,MIRIM DOCE,0
2025-11-30,RIO DAS ANTAS,0
2025-11-30,MORRO DA FUMAÇA,0
2025-11-30,ANCHIETA,1
2025-11-30,SÃO BERNARDINO,0
2025-11-30,NAVEGANTES,0
2025-11-30,NOVA ERECHIM,0
2025-11-30,NOVA ITABERABA,0
2025-11-30,SÃO BENTO DO SUL,0
2025-11-30,NOVA TRENTO,0
2025-11-30,MONDAÍ,0
2025-11-30,NOVA VENEZA,0
2025-11-30,NOVO HORIZONTE,0
2025-11-30,ORLEANS,0
2025-11-30,ARAQUARI,2
2025-11-30,MORRO GRANDE,0
2025-11-30,SOMBRIO,0
2025-11-30,OURO,0
2025-11-30,OURO VERDE,0
2025-11-30,SERRA ALTA,0
2025-11-30,PAIAL,0
2025-11-30,SUL BRASIL,0
2025-11-30,SÃO BONIFÁCIO,0
2025-11-30,MODELO,0
2025-11-30,ANITA GARIBALDI,0
2025-11-30,SÃO JOÃO BATISTA,0
2025-11-30,ARROIO TRINTA,0
2025-11-30,ABELARDO LUZ,0
2025-11-30,LEOBERTO LEAL,0
2025-11-30,SÃO JOSÉ DO CEDRO,0
2025-11-30,RIO DO CAMPO,0
2025-11-30,LINDÓIA DO SUL,0
2025-11-30,SÃO JOSÉ,17
2025-11-30,LONTRAS,0
2025-11-30,LUIZ ALVES,0
2025-11-30,LUZERNA,0
2025-11-30,SÃO FRANCISCO DO SUL,4
2025-11-30,MAFRA,0
2025-11-30,MAJOR GERCINO,0
2025-11-30,MARACAJÁ,0
2025-11-30,SÃO DOMINGOS,0
2025-11-30,MARAVILHA,0
2025-11-30,MAREMA,0
2025-11-30,SANTA CECÍLIA,0
2025-11-30,ARARANGUÁ,0
2025-11-30,SÃO CARLOS,0
2025-11-30,PRESIDENTE CASTELLO BRANCO,0
2025-11-30,LAURENTINO,0
2025-11-30,PALHOÇA,3
2025-11-30,PALMA SOLA,0
2025-11-30,PORTO UNIÃO,0
2025-11-30,SANTA HELENA,0
2025-11-30,POUSO REDONDO,0
2025-11-30,PRESIDENTE GETÚLIO,0
2025-11-30,PRESIDENTE NEREU,0
2025-11-30,SALTO VELOSO,0
2025-11-30,PRINCESA,0
2025-11-30,PETROLÂNDIA,0
2025-11-30,QUILOMBO,0
2025-11-30,APIÚNA,0
2025-11-30,OTACÍLIO COSTA,0
2025-11-30,RANCHO QUEIMADO,0
2025-11-30,RIO DO OESTE,0
2025-11-30,SALETE,0
2025-11-30,RIO DO SUL,0
2025-11-30,RIO DOS CEDROS,0
2025-11-30,ANTÔNIO CARLOS,0
2025-11-30,ROMELÂNDIA,0
2025-11-30,RIO NEGRINHO,0
2025-11-30,RIQUEZA,0
2025-11-30,SALTINHO,0
2025-11-30,PORTO BELO,2
2025-11-30,SANTA TEREZINHA,0
2025-11-30,PONTE SERRADA,0
2025-11-30,PALMITOS,0
2025-11-30,PAPANDUVA,0
2025-11-30,SCHROEDER,0
2025-11-30,PARAÍSO,0
2025-11-30,PASSO DE TORRES,0
2025-11-30,PASSOS MAIA,0
2025-11-30,ARABUTÃ,0
2025-11-30,SAUDADES,0
2025-11-30,PAULO LOPES,0
2025-11-30,PENHA,2
2025-11-30,SANTO AMARO DA IMPERATRIZ,0
2025-11-30,PERITIBA,0
2025-11-30,PINHALZINHO,3
2025-11-30,PINHEIRO PRETO,0
2025-11-30,SANTIAGO DO SUL,0
2025-11-30,PIRATUBA,0
2025-11-30,PLANALTO ALEGRE,0
2025-11-30,ANITÁPOLIS,0
2025-11-30,SANTA TEREZINHA DO PROGRESSO,0
2025-11-30,POMERODE,0
2025-11-30,PONTE ALTA,0
2025-11-30,SEARA,0
2025-11-30,LAJEADO GRANDE,0
2025-11-30,LAURO MÜLLER,0
2025-11-30,SÃO JOÃO DO ITAPERIÚ,0
2025-11-30,GUARAMIRIM,0
2025-11-30,GUARUJÁ DO SUL,0
2025-11-30,TUNÁPOLIS,0
2025-11-30,GUATAMBÚ,0
2025-11-30,HERVAL D'OESTE,0
2025-11-30,IBICARÉ,0
2025-11-30,TUBARÃO,0
2025-11-30,IBIRAMA,0
2025-11-30,ILHOTA,0
2025-11-30,UNIÃO DO OESTE,0
2025-11-30,IMARUÍ,0
2025-11-30,IMBITUBA,0
2025-11-30,SÃO JOAQUIM,0
2025-11-30,IMBUIA,0
2025-11-30,ALFREDO WAGNER,0
2025-11-30,TREZE TÍLIAS,0
2025-11-30,AURORA,0
2025-11-30,INDAIAL,0
2025-11-30,MONTE CARLO,0
2025-11-30,LAGUNA,0
2025-11-30,TROMBUDO CENTRAL,0
2025-11-30,BALNEÁRIO BARRA DO SUL,0
2025-11-30,GUARACIABA,0
2025-11-30,GUABIRUBA,0
2025-11-30,VIDEIRA,0
2025-11-30,FAXINAL DOS GUEDES,0
2025-11-30,TIMBÉ DO SUL,0
2025-11-30,FLOR DO SERTÃO,0
2025-11-30,VIDAL RAMOS,0
2025-11-30,FLORIANÓPOLIS,33
2025-11-30,FORMOSA DO SUL,0
2025-11-30,BALNEÁRIO CAMBORIÚ,1
2025-11-30,VARGEÃO,0
2025-11-30,FORQUILHINHA,0
2025-11-30,FRAIBURGO,0
2025-11-30,GALVÃO,0
2025-11-30,VARGEM BONITA,0
2025-11-30,GAROPABA,0
2025-11-30,GARUVA,0
2025-11-30,GASPAR,1
2025-11-30,URUSSANGA,0
2025-11-30,GOVERNADOR CELSO RAMOS,0
2025-11-30,GRAVATAL,0
2025-11-30,SÃO MARTINHO,0
2025-11-30,URUBICI,0
2025-11-30,IOMERÊ,0
2025-11-30,IPIRA,0
2025-11-30,TIMBÓ,1
2025-11-30,LACERDÓPOLIS,0
2025-11-30,ITAPOÁ,1
2025-11-30,ITUPORANGA,0
2025-11-30,ITÁ,0
2025-11-30,SÃO MIGUEL DO OESTE,2
2025-11-30,TIJUCAS,1
2025-11-30,IÇARA,0
2025-11-30,JABORÁ,0
2025-11-30,JAGUARUNA,0
2025-11-30,SÃO MIGUEL DA BOA VISTA,0
2025-11-30,JARAGUÁ DO SUL,2
2025-11-30,JUPIÁ,0
2025-11-30,ARVOREDO,0
2025-11-30,JARDINÓPOLIS,0
2025-11-30,SÃO LUDGERO,0
2025-11-30,SANGÃO,0
2025-11-30,JOAÇABA,0
2025-11-30,ALTO BELA VISTA,0
2025-11-30,SÃO JOÃO DO OESTE,0
2025-11-30,SÃO LOURENÇO DO OESTE,0
2025-11-30,SÃO PEDRO DE ALCÂNTARA,0
2025-11-30,JOINVILLE,9
2025-11-30,JOSÉ BOITEUX,0
2025-11-30,ITAPEMA,2
2025-11-30,IPUMIRIM,0
2025-11-30,LAGES,0
2025-11-30,TIGRINHOS,0
2025-11-30,IRACEMINHA,0
2025-11-30,ITAPIRANGA,0
2025-11-30,IRANI,0
2025-11-30,IRATI,0
2025-11-30,IPUAÇU,0
2025-11-30,RODEIO,0
2025-11-30,IRINEÓPOLIS,0
2025-11-30,SIDERÓPOLIS,0
2025-11-30,MONTE CASTELO,0
2025-11-30,ASCURRA,0
2025-11-30,ITAJAÍ,12
2025-11-30,TAIÓ,0
2025-11-30,TANGARÁ,0
2025-11-30,IPORÃ DO OESTE,0
2025-12-07,MONTE CASTELO,0
2025-12-07,TIMBÉ DO SUL,0
2025-12-07,TURVO,0
2025-12-07,MIRIM DOCE,0
2025-12-07,OTACÍLIO COSTA,0
2025-12-07,RIO DO CAMPO,0
2025-12-07,TREVISO,0
2025-12-07,VITOR MEIRELES,0
2025-12-07,PETROLÂNDIA,0
2025-12-07,SÃO MARTINHO,0
2025-12-07,SANGÃO,0
2025-12-07,RIO DAS ANTAS,0
2025-12-07,PINHEIRO PRETO,0
2025-12-07,SÃO JOAQUIM,0
2025-12-07,VARGEM,0
2025-12-07,SANTA CECÍLIA,0
2025-12-07,MORRO GRANDE,0
2025-12-07,PRESIDENTE CASTELLO BRANCO,0
2025-12-07,MONTE CARLO,0
2025-12-07,MAJOR VIEIRA,0
2025-12-07,SIDERÓPOLIS,0
2025-12-07,MASSARANDUBA,0
2025-12-07,GRÃO-PARÁ,0
2025-12-07,ILHOTA,0
2025-12-07,IBIRAMA,0
2025-12-07,IBICARÉ,0
2025-12-07,HERVAL D'OESTE,0
2025-12-07,GUATAMBÚ,0
2025-12-07,GUARUJÁ DO SUL,0
2025-12-07,GUARAMIRIM,3
2025-12-07,GUARACIABA,0
2025-12-07,GUABIRUBA,0
2025-12-07,GRAVATAL,0
2025-12-07,GOVERNADOR CELSO RAMOS,0
2025-12-07,GASPAR,2
2025-12-07,IMARUÍ,0
2025-12-07,GARUVA,0
2025-12-07,GALVÃO,0
2025-12-07,FRAIBURGO,0
2025-12-07,FORQUILHINHA,0
2025-12-07,FORMOSA DO SUL,0
2025-12-07,FLORIANÓPOLIS,52
2025-12-07,FLOR DO SERTÃO,0
2025-12-07,FAXINAL DOS GUEDES,0
2025-12-07,ERVAL VELHO,0
2025-12-07,ENTRE RIOS,0
2025-12-07,DOUTOR PEDRINHO,0
2025-12-07,DIONÍSIO CERQUEIRA,0
2025-12-07,DESCANSO,0
2025-12-07,GAROPABA,0
2025-12-07,CURITIBANOS,0
2025-12-07,IMBITUBA,0
2025-12-07,INDAIAL,0
2025-12-07,LAGES,0
2025-12-07,LACERDÓPOLIS,0
2025-12-07,JUPIÁ,0
2025-12-07,JOSÉ BOITEUX,0
2025-12-07,JOINVILLE,13
2025-12-07,JOAÇABA,0
2025-12-07,JARDINÓPOLIS,0
2025-12-07,JARAGUÁ DO SUL,4
2025-12-07,JAGUARUNA,0
2025-12-07,JABORÁ,0
2025-12-07,IÇARA,0
2025-12-07,ITÁ,0
2025-12-07,IMBUIA,0
2025-12-07,ITUPORANGA,0
2025-12-07,ITAPIRANGA,0
2025-12-07,ITAPEMA,3
2025-12-07,ITAJAÍ,139
2025-12-07,IRINEÓPOLIS,0
2025-12-07,IRATI,0
2025-12-07,IRANI,0
2025-12-07,IRACEMINHA,0
2025-12-07,IPUMIRIM,0
2025-12-07,IPUAÇU,0
2025-12-07,IPORÃ DO OESTE,0
2025-12-07,IPIRA,0
2025-12-07,IOMERÊ,0
2025-12-07,ITAPOÁ,3
2025-12-07,LAGUNA,0
2025-12-07,CUNHATAÍ,0
2025-12-07,CRICIÚMA,0
2025-12-07,BIGUAÇU,2
2025-12-07,BENEDITO NOVO,0
2025-12-07,BELMONTE,0
2025-12-07,BARRA VELHA,1
2025-12-07,BARRA BONITA,0
2025-12-07,BANDEIRANTE,0
2025-12-07,BALNEÁRIO RINCÃO,0
2025-12-07,BALNEÁRIO PIÇARRAS,0
2025-12-07,BALNEÁRIO GAIVOTA,0
2025-12-07,BALNEÁRIO CAMBORIÚ,5
2025-12-07,BALNEÁRIO BARRA DO SUL,0
2025-12-07,AURORA,0
2025-12-07,BLUMENAU,30
2025-12-07,ASCURRA,0
2025-12-07,ARROIO TRINTA,0
2025-12-07,ARARANGUÁ,0
2025-12-07,ARAQUARI,2
2025-12-07,ARABUTÃ,0
2025-12-07,APIÚNA,0
2025-12-07,ANTÔNIO CARLOS,0
2025-12-07,ANITÁPOLIS,0
2025-12-07,ANCHIETA,0
2025-12-07,ALTO BELA VISTA,0
2025-12-07,ALFREDO WAGNER,0
2025-12-07,ABELARDO LUZ,0
2025-12-07,ABDON BATISTA,0
2025-12-07,ARVOREDO,0
2025-12-07,CUNHA PORÃ,0
2025-12-07,BOM JARDIM DA SERRA,0
2025-12-07,BOM JESUS DO OESTE,0
2025-12-07,CORUPÁ,0
2025-12-07,CORREIA PINTO,0
2025-12-07,CORONEL MARTINS,0
2025-12-07,CORONEL FREITAS,0
2025-12-07,CORDILHEIRA ALTA,0
2025-12-07,CONCÓRDIA,0
2025-12-07,COCAL DO SUL,0
2025-12-07,CHAPECÓ,22
2025-12-07,CELSO RAMOS,0
2025-12-07,CAÇADOR,0
2025-12-07,CAXAMBU DO SUL,0
2025-12-07,CATANDUVAS,0
2025-12-07,BOM JESUS,0
2025-12-07,CAPÃO ALTO,0
2025-12-07,CAPINZAL,0
2025-12-07,CANOINHAS,0
2025-12-07,CANELINHA,2
2025-12-07,CAMPOS NOVOS,0
2025-12-07,CAMPO ERÊ,0
2025-12-07,CAMPO ALEGRE,0
2025-12-07,CAMBORIÚ,5
2025-12-07,CAIBI,0
2025-12-07,BRUSQUE,0
2025-12-07,BRAÇO DO NORTE,0
2025-12-07,BOTUVERÁ,0
2025-12-07,BOMBINHAS,2
2025-12-07,CAPIVARI DE BAIXO,0
2025-12-07,LAJEADO GRANDE,0
2025-12-07,LAURENTINO,0
2025-12-07,LAURO MÜLLER,0
2025-12-07,TIGRINHOS,0
2025-12-07,TANGARÁ,0
2025-12-07,TAIÓ,0
2025-12-07,SÃO PEDRO DE ALCÂNTARA,0
2025-12-07,SÃO MIGUEL DO OESTE,0
2025-12-07,SÃO MIGUEL DA BOA VISTA,0
2025-12-07,SÃO LUDGERO,0
2025-12-07,SÃO LOURENÇO DO OESTE,0
2025-12-07,SÃO JOÃO DO OESTE,0
2025-12-07,SÃO JOÃO DO ITAPERIÚ,0
2025-12-07,SÃO JOÃO BATISTA,0
2025-12-07,SÃO JOSÉ DO CEDRO,3
2025-12-07,TIJUCAS,0
2025-12-07,SÃO JOSÉ,8
2025-12-07,SÃO DOMINGOS,0
2025-12-07,SÃO CARLOS,0
2025-12-07,SÃO BONIFÁCIO,0
2025-12-07,SÃO BERNARDINO,0
2025-12-07,SÃO BENTO DO SUL,0
2025-12-07,SUL BRASIL,0
2025-12-07,SOMBRIO,3
2025-12-07,SERRA ALTA,0
2025-12-07,SEARA,0
2025-12-07,SCHROEDER,2
2025-12-07,SAUDADES,0
2025-12-07,SANTO AMARO DA IMPERATRIZ,1
2025-12-07,SÃO FRANCISCO DO SUL,9
2025-12-07,SANTIAGO DO SUL,0
2025-12-07,TIMBÓ,0
2025-12-07,TROMBUDO CENTRAL,0
2025-12-07,ERMO,0
2025-12-07,DONA EMMA,0
2025-12-07,CHAPADÃO DO LAGEADO,0
2025-12-07,BRAÇO DO TROMBUDO,0
2025-12-07,BOM RETIRO,0
2025-12-07,BALNEÁRIO ARROIO DO SILVA,0
2025-12-07,ARMAZÉM,0
2025-12-07,AGRONÔMICA,0
2025-12-07,AGROLÂNDIA,0
2025-12-07,ÁGUAS MORNAS,0
2025-12-07,ÁGUAS FRIAS,0
2025-12-07,ÁGUAS DE CHAPECÓ,0
2025-12-07,TREZE TÍLIAS,0
2025-12-07,ÁGUA DOCE,0
2025-12-07,XAXIM,1
2025-12-07,XAVANTINA,0
2025-12-07,XANXERÊ,1
2025-12-07,VIDEIRA,0
2025-12-07,VIDAL RAMOS,0
2025-12-07,VARGEÃO,0
2025-12-07,VARGEM BONITA,0
2025-12-07,URUSSANGA,0
2025-12-07,URUBICI,0
2025-12-07,UNIÃO DO OESTE,0
2025-12-07,TUNÁPOLIS,0
2025-12-07,TUBARÃO,0
2025-12-07,ZORTÉA,0
2025-12-07,SANTA TEREZINHA DO PROGRESSO,0
2025-12-07,SANTA TEREZINHA,0
2025-12-07,SANTA HELENA,0
2025-12-07,PALMITOS,0
2025-12-07,PALMA SOLA,0
2025-12-07,PALHOÇA,4
2025-12-07,PAIAL,0
2025-12-07,OURO VERDE,0
2025-12-07,OURO,0
2025-12-07,ORLEANS,0
2025-12-07,NOVO HORIZONTE,0
2025-12-07,NOVA VENEZA,0
2025-12-07,NOVA TRENTO,0
2025-12-07,NOVA ITABERABA,0
2025-12-07,NOVA ERECHIM,0
2025-12-07,PAPANDUVA,0
2025-12-07,NAVEGANTES,2
2025-12-07,MONDAÍ,0
2025-12-07,MODELO,0
2025-12-07,MAREMA,0
2025-12-07,MARAVILHA,0
2025-12-07,MARACAJÁ,0
2025-12-07,MAJOR GERCINO,0
2025-12-07,MAFRA,0
2025-12-07,LUZERNA,0
2025-12-07,LUIZ ALVES,0
2025-12-07,LONTRAS,0
2025-12-07,LINDÓIA DO SUL,0
2025-12-07,LEOBERTO LEAL,0
2025-12-07,MORRO DA FUMAÇA,0
2025-12-07,PARAÍSO,0
2025-12-07,PASSO DE TORRES,0
2025-12-07,PASSOS MAIA,0
2025-12-07,SALTO VELOSO,0
2025-12-07,SALTINHO,0
2025-12-07,SALETE,0
2025-12-07,ROMELÂNDIA,0
2025-12-07,RODEIO,0
2025-12-07,RIQUEZA,0
2025-12-07,RIO NEGRINHO,0
2025-12-07,RIO DOS CEDROS,0
2025-12-07,RIO DO SUL,0
2025-12-07,RIO DO OESTE,0
2025-12-07,RANCHO QUEIMADO,0
2025-12-07,QUILOMBO,0
2025-12-07,PRINCESA,0
2025-12-07,PRESIDENTE NEREU,0
2025-12-07,PRESIDENTE GETÚLIO,0
2025-12-07,POUSO REDONDO,0
2025-12-07,PORTO UNIÃO,0
2025-12-07,PORTO BELO,1
2025-12-07,PONTE SERRADA,0
2025-12-07,PONTE ALTA,0
2025-12-07,POMERODE,0
2025-12-07,PLANALTO ALEGRE,0
2025-12-07,PIRATUBA,0
2025-12-07,PINHALZINHO,6
2025-12-07,PERITIBA,0
2025-12-07,PENHA,3
2025-12-07,PAULO LOPES,0
2025-12-07,JACINTO MACHADO,0
2025-12-07,ANITA GARIBALDI,0
